# time,frequency,rangerate
2.850000000000000000e+01,1.458714840000000000e+08,-7.497678125134397305e+03
2.900000000000000000e+01,1.458714880000000000e+08,-7.505899058948191851e+03
2.950000000000000000e+01,1.458714800000000000e+08,-7.489457191254035024e+03
3.000000000000000000e+01,1.458714840000000000e+08,-7.497678125134397305e+03
3.100000000000000000e+01,1.458714860000000000e+08,-7.501788592074578446e+03
3.150000000000000000e+01,1.458714840000000000e+08,-7.497678125134397305e+03
3.550000000000000000e+01,1.458714800000000000e+08,-7.489457191254035024e+03
3.600000000000000000e+01,1.458714840000000000e+08,-7.497678125134397305e+03
3.850000000000000000e+01,1.458714780000000000e+08,-7.485346724313853883e+03
4.850000000000000000e+01,1.458714700000000000e+08,-7.468904856553130230e+03
4.900000000000000000e+01,1.458714680000000000e+08,-7.464794389679516826e+03
4.950000000000000000e+01,1.458714700000000000e+08,-7.468904856553130230e+03
5.000000000000000000e+01,1.458714740000000000e+08,-7.477125790433492512e+03
5.050000000000000000e+01,1.458714700000000000e+08,-7.468904856553130230e+03
5.200000000000000000e+01,1.458714680000000000e+08,-7.464794389679516826e+03
5.400000000000000000e+01,1.458714680000000000e+08,-7.464794389679516826e+03
5.600000000000000000e+01,1.458714640000000000e+08,-7.456573455799154544e+03
5.650000000000000000e+01,1.458714600000000000e+08,-7.448352521918793173e+03
5.700000000000000000e+01,1.458714640000000000e+08,-7.456573455799154544e+03
6.200000000000000000e+01,1.458714640000000000e+08,-7.456573455799154544e+03
6.250000000000000000e+01,1.458714600000000000e+08,-7.448352521918793173e+03
6.300000000000000000e+01,1.458714620000000000e+08,-7.452462988858974313e+03
6.350000000000000000e+01,1.458714560000000000e+08,-7.440131588038430891e+03
6.400000000000000000e+01,1.458714620000000000e+08,-7.452462988858974313e+03
6.500000000000000000e+01,1.458714560000000000e+08,-7.440131588038430891e+03
6.550000000000000000e+01,1.458714580000000000e+08,-7.444242054978612032e+03
6.600000000000000000e+01,1.458714600000000000e+08,-7.448352521918793173e+03
6.750000000000000000e+01,1.458714580000000000e+08,-7.444242054978612032e+03
7.000000000000000000e+01,1.458714540000000000e+08,-7.436021121098249751e+03
7.050000000000000000e+01,1.458714540000000000e+08,-7.436021121098249751e+03
7.100000000000000000e+01,1.458714540000000000e+08,-7.436021121098249751e+03
7.150000000000000000e+01,1.458714520000000000e+08,-7.431910654224636346e+03
7.900000000000000000e+01,1.458714520000000000e+08,-7.431910654224636346e+03
7.950000000000000000e+01,1.458714480000000000e+08,-7.423689720344274974e+03
8.000000000000000000e+01,1.458714480000000000e+08,-7.423689720344274974e+03
8.050000000000000000e+01,1.458714460000000000e+08,-7.419579253404093834e+03
8.100000000000000000e+01,1.458714480000000000e+08,-7.423689720344274974e+03
8.150000000000000000e+01,1.458714460000000000e+08,-7.419579253404093834e+03
8.200000000000000000e+01,1.458714440000000000e+08,-7.415468786463912693e+03
8.250000000000000000e+01,1.458714460000000000e+08,-7.419579253404093834e+03
8.350000000000000000e+01,1.458714400000000000e+08,-7.407247852583550412e+03
8.450000000000000000e+01,1.458714460000000000e+08,-7.419579253404093834e+03
8.550000000000000000e+01,1.458714440000000000e+08,-7.415468786463912693e+03
8.650000000000000000e+01,1.458714420000000000e+08,-7.411358319523731552e+03
8.750000000000000000e+01,1.458714400000000000e+08,-7.407247852583550412e+03
8.800000000000000000e+01,1.458714380000000000e+08,-7.403137385643370180e+03
8.950000000000000000e+01,1.458714400000000000e+08,-7.407247852583550412e+03
9.000000000000000000e+01,1.458714400000000000e+08,-7.407247852583550412e+03
9.050000000000000000e+01,1.458714400000000000e+08,-7.407247852583550412e+03
9.100000000000000000e+01,1.458714400000000000e+08,-7.407247852583550412e+03
9.200000000000000000e+01,1.458714360000000000e+08,-7.399026918703189040e+03
9.300000000000000000e+01,1.458714340000000000e+08,-7.394916451829574726e+03
9.500000000000000000e+01,1.458714360000000000e+08,-7.399026918703189040e+03
9.700000000000000000e+01,1.458714340000000000e+08,-7.394916451829574726e+03
9.750000000000000000e+01,1.458714320000000000e+08,-7.390805984889394495e+03
9.800000000000000000e+01,1.458714340000000000e+08,-7.394916451829574726e+03
9.850000000000000000e+01,1.458714300000000000e+08,-7.386695517949213354e+03
1.000000000000000000e+02,1.458714300000000000e+08,-7.386695517949213354e+03
1.005000000000000000e+02,1.458714280000000000e+08,-7.382585051009032213e+03
1.010000000000000000e+02,1.458714280000000000e+08,-7.382585051009032213e+03
1.015000000000000000e+02,1.458714260000000000e+08,-7.378474584068851073e+03
1.020000000000000000e+02,1.458714280000000000e+08,-7.382585051009032213e+03
1.025000000000000000e+02,1.458714280000000000e+08,-7.382585051009032213e+03
1.030000000000000000e+02,1.458714280000000000e+08,-7.382585051009032213e+03
1.035000000000000000e+02,1.458714260000000000e+08,-7.378474584068851073e+03
1.050000000000000000e+02,1.458714240000000000e+08,-7.374364117128669932e+03
1.055000000000000000e+02,1.458714220000000000e+08,-7.370253650188489701e+03
1.060000000000000000e+02,1.458714280000000000e+08,-7.382585051009032213e+03
1.100000000000000000e+02,1.458714140000000000e+08,-7.353811782494332874e+03
1.105000000000000000e+02,1.458714200000000000e+08,-7.366143183248308560e+03
1.110000000000000000e+02,1.458714220000000000e+08,-7.370253650188489701e+03
1.115000000000000000e+02,1.458714180000000000e+08,-7.362032716374695156e+03
1.120000000000000000e+02,1.458714180000000000e+08,-7.362032716374695156e+03
1.125000000000000000e+02,1.458714200000000000e+08,-7.366143183248308560e+03
1.130000000000000000e+02,1.458714200000000000e+08,-7.366143183248308560e+03
1.135000000000000000e+02,1.458714160000000000e+08,-7.357922249434514015e+03
1.155000000000000000e+02,1.458714120000000000e+08,-7.349701315554151734e+03
1.160000000000000000e+02,1.458714160000000000e+08,-7.357922249434514015e+03
1.165000000000000000e+02,1.458714160000000000e+08,-7.357922249434514015e+03
1.170000000000000000e+02,1.458714100000000000e+08,-7.345590848613970593e+03
1.175000000000000000e+02,1.458714140000000000e+08,-7.353811782494332874e+03
1.180000000000000000e+02,1.458714120000000000e+08,-7.349701315554151734e+03
1.185000000000000000e+02,1.458714100000000000e+08,-7.345590848613970593e+03
1.200000000000000000e+02,1.458714080000000000e+08,-7.341480381673790362e+03
1.205000000000000000e+02,1.458714080000000000e+08,-7.341480381673790362e+03
1.210000000000000000e+02,1.458714080000000000e+08,-7.341480381673790362e+03
1.215000000000000000e+02,1.458714080000000000e+08,-7.341480381673790362e+03
1.235000000000000000e+02,1.458714040000000000e+08,-7.333259447793428080e+03
1.250000000000000000e+02,1.458714020000000000e+08,-7.329148980853246940e+03
1.255000000000000000e+02,1.458714000000000000e+08,-7.325038513979633535e+03
1.260000000000000000e+02,1.458714000000000000e+08,-7.325038513979633535e+03
1.265000000000000000e+02,1.458714020000000000e+08,-7.329148980853246940e+03
1.275000000000000000e+02,1.458714020000000000e+08,-7.329148980853246940e+03
1.280000000000000000e+02,1.458713980000000000e+08,-7.320928047039452395e+03
1.285000000000000000e+02,1.458714020000000000e+08,-7.329148980853246940e+03
1.305000000000000000e+02,1.458713960000000000e+08,-7.316817580099271254e+03
1.310000000000000000e+02,1.458713960000000000e+08,-7.316817580099271254e+03
1.315000000000000000e+02,1.458713940000000000e+08,-7.312707113159091023e+03
1.320000000000000000e+02,1.458713940000000000e+08,-7.312707113159091023e+03
1.325000000000000000e+02,1.458713980000000000e+08,-7.320928047039452395e+03
1.360000000000000000e+02,1.458713900000000000e+08,-7.304486179278728741e+03
1.370000000000000000e+02,1.458713880000000000e+08,-7.300375712338547601e+03
1.380000000000000000e+02,1.458713880000000000e+08,-7.300375712338547601e+03
1.390000000000000000e+02,1.458713860000000000e+08,-7.296265245398366460e+03
1.395000000000000000e+02,1.458713840000000000e+08,-7.292154778524753056e+03
1.400000000000000000e+02,1.458713840000000000e+08,-7.292154778524753056e+03
1.405000000000000000e+02,1.458713840000000000e+08,-7.292154778524753056e+03
1.410000000000000000e+02,1.458713840000000000e+08,-7.292154778524753056e+03
1.415000000000000000e+02,1.458713840000000000e+08,-7.292154778524753056e+03
1.420000000000000000e+02,1.458713800000000000e+08,-7.283933844644391684e+03
1.425000000000000000e+02,1.458713800000000000e+08,-7.283933844644391684e+03
1.430000000000000000e+02,1.458713780000000000e+08,-7.279823377704210543e+03
1.435000000000000000e+02,1.458713760000000000e+08,-7.275712910764029402e+03
1.445000000000000000e+02,1.458713800000000000e+08,-7.283933844644391684e+03
1.450000000000000000e+02,1.458713780000000000e+08,-7.279823377704210543e+03
1.455000000000000000e+02,1.458713760000000000e+08,-7.275712910764029402e+03
1.480000000000000000e+02,1.458713740000000000e+08,-7.271602443823848262e+03
1.485000000000000000e+02,1.458713720000000000e+08,-7.267491976883667121e+03
1.490000000000000000e+02,1.458713740000000000e+08,-7.271602443823848262e+03
1.495000000000000000e+02,1.458713700000000000e+08,-7.263381509943486890e+03
1.510000000000000000e+02,1.458713680000000000e+08,-7.259271043003305749e+03
1.515000000000000000e+02,1.458713680000000000e+08,-7.259271043003305749e+03
1.520000000000000000e+02,1.458713640000000000e+08,-7.251050109189511204e+03
1.525000000000000000e+02,1.458713660000000000e+08,-7.255160576129691435e+03
1.530000000000000000e+02,1.458713680000000000e+08,-7.259271043003305749e+03
1.535000000000000000e+02,1.458713640000000000e+08,-7.251050109189511204e+03
1.540000000000000000e+02,1.458713640000000000e+08,-7.251050109189511204e+03
1.545000000000000000e+02,1.458713620000000000e+08,-7.246939642249330063e+03
1.550000000000000000e+02,1.458713620000000000e+08,-7.246939642249330063e+03
1.565000000000000000e+02,1.458713620000000000e+08,-7.246939642249330063e+03
1.570000000000000000e+02,1.458713600000000000e+08,-7.242829175309148923e+03
1.575000000000000000e+02,1.458713580000000000e+08,-7.238718708368967782e+03
1.580000000000000000e+02,1.458713560000000000e+08,-7.234608241428786641e+03
1.585000000000000000e+02,1.458713580000000000e+08,-7.238718708368967782e+03
1.620000000000000000e+02,1.458713540000000000e+08,-7.230497774488606410e+03
1.625000000000000000e+02,1.458713500000000000e+08,-7.222276840674811865e+03
1.635000000000000000e+02,1.458713500000000000e+08,-7.222276840674811865e+03
1.640000000000000000e+02,1.458713520000000000e+08,-7.226387307548425269e+03
1.645000000000000000e+02,1.458713480000000000e+08,-7.218166373734630724e+03
1.660000000000000000e+02,1.458713440000000000e+08,-7.209945439854268443e+03
1.665000000000000000e+02,1.458713460000000000e+08,-7.214055906794449584e+03
1.670000000000000000e+02,1.458713400000000000e+08,-7.201724505973907071e+03
1.675000000000000000e+02,1.458713440000000000e+08,-7.209945439854268443e+03
1.685000000000000000e+02,1.458713420000000000e+08,-7.205834972914087302e+03
1.695000000000000000e+02,1.458713340000000000e+08,-7.189393105153363649e+03
1.700000000000000000e+02,1.458713360000000000e+08,-7.193503572093544790e+03
1.705000000000000000e+02,1.458713400000000000e+08,-7.201724505973907071e+03
1.710000000000000000e+02,1.458713340000000000e+08,-7.189393105153363649e+03
1.715000000000000000e+02,1.458713340000000000e+08,-7.189393105153363649e+03
1.720000000000000000e+02,1.458713360000000000e+08,-7.193503572093544790e+03
1.760000000000000000e+02,1.458713260000000000e+08,-7.172951237459207732e+03
1.765000000000000000e+02,1.458713260000000000e+08,-7.172951237459207732e+03
1.770000000000000000e+02,1.458713260000000000e+08,-7.172951237459207732e+03
1.775000000000000000e+02,1.458713220000000000e+08,-7.164730303578845451e+03
1.780000000000000000e+02,1.458713240000000000e+08,-7.168840770519026592e+03
1.785000000000000000e+02,1.458713240000000000e+08,-7.168840770519026592e+03
1.790000000000000000e+02,1.458713180000000000e+08,-7.156509369698483169e+03
1.815000000000000000e+02,1.458713180000000000e+08,-7.156509369698483169e+03
1.820000000000000000e+02,1.458713140000000000e+08,-7.148288435884688624e+03
1.825000000000000000e+02,1.458713140000000000e+08,-7.148288435884688624e+03
1.830000000000000000e+02,1.458713140000000000e+08,-7.148288435884688624e+03
1.835000000000000000e+02,1.458713100000000000e+08,-7.140067502004327253e+03
1.840000000000000000e+02,1.458713140000000000e+08,-7.148288435884688624e+03
1.845000000000000000e+02,1.458713100000000000e+08,-7.140067502004327253e+03
1.850000000000000000e+02,1.458713100000000000e+08,-7.140067502004327253e+03
1.860000000000000000e+02,1.458713100000000000e+08,-7.140067502004327253e+03
1.880000000000000000e+02,1.458713040000000000e+08,-7.127736101183783830e+03
1.885000000000000000e+02,1.458712980000000000e+08,-7.115404700429808145e+03
1.890000000000000000e+02,1.458713000000000000e+08,-7.119515167303422459e+03
1.895000000000000000e+02,1.458713020000000000e+08,-7.123625634243603599e+03
1.900000000000000000e+02,1.458713000000000000e+08,-7.119515167303422459e+03
1.905000000000000000e+02,1.458712980000000000e+08,-7.115404700429808145e+03
1.915000000000000000e+02,1.458712960000000000e+08,-7.111294233489627914e+03
1.920000000000000000e+02,1.458712960000000000e+08,-7.111294233489627914e+03
1.945000000000000000e+02,1.458712880000000000e+08,-7.094852365728903351e+03
1.955000000000000000e+02,1.458712840000000000e+08,-7.086631431848541979e+03
1.975000000000000000e+02,1.458712820000000000e+08,-7.082520964908360838e+03
1.980000000000000000e+02,1.458712820000000000e+08,-7.082520964908360838e+03
1.985000000000000000e+02,1.458712780000000000e+08,-7.074300031094566293e+03
1.995000000000000000e+02,1.458712760000000000e+08,-7.070189564154385153e+03
2.000000000000000000e+02,1.458712780000000000e+08,-7.074300031094566293e+03
2.005000000000000000e+02,1.458712740000000000e+08,-7.066079097214204012e+03
2.030000000000000000e+02,1.458712660000000000e+08,-7.049637229453480359e+03
2.035000000000000000e+02,1.458712660000000000e+08,-7.049637229453480359e+03
2.045000000000000000e+02,1.458712660000000000e+08,-7.049637229453480359e+03
2.050000000000000000e+02,1.458712640000000000e+08,-7.045526762579866954e+03
2.055000000000000000e+02,1.458712640000000000e+08,-7.045526762579866954e+03
2.085000000000000000e+02,1.458712540000000000e+08,-7.024974427878962160e+03
2.090000000000000000e+02,1.458712560000000000e+08,-7.029084894819143301e+03
2.095000000000000000e+02,1.458712520000000000e+08,-7.020863960938781020e+03
2.100000000000000000e+02,1.458712480000000000e+08,-7.012643027058419648e+03
2.105000000000000000e+02,1.458712500000000000e+08,-7.016753493998599879e+03
2.110000000000000000e+02,1.458712500000000000e+08,-7.016753493998599879e+03
2.125000000000000000e+02,1.458712420000000000e+08,-7.000311626304443962e+03
2.130000000000000000e+02,1.458712400000000000e+08,-6.996201159364262821e+03
2.135000000000000000e+02,1.458712380000000000e+08,-6.992090692424081681e+03
2.140000000000000000e+02,1.458712380000000000e+08,-6.992090692424081681e+03
2.145000000000000000e+02,1.458712340000000000e+08,-6.983869758543720309e+03
2.150000000000000000e+02,1.458712360000000000e+08,-6.987980225483900540e+03
2.155000000000000000e+02,1.458712340000000000e+08,-6.983869758543720309e+03
2.160000000000000000e+02,1.458712320000000000e+08,-6.979759291603539168e+03
2.175000000000000000e+02,1.458712340000000000e+08,-6.983869758543720309e+03
2.180000000000000000e+02,1.458712260000000000e+08,-6.967427890849563482e+03
2.185000000000000000e+02,1.458712260000000000e+08,-6.967427890849563482e+03
2.190000000000000000e+02,1.458712240000000000e+08,-6.963317423909382342e+03
2.195000000000000000e+02,1.458712220000000000e+08,-6.959206956969201201e+03
2.200000000000000000e+02,1.458712200000000000e+08,-6.955096490029020060e+03
2.205000000000000000e+02,1.458712180000000000e+08,-6.950986023088839829e+03
2.210000000000000000e+02,1.458712160000000000e+08,-6.946875556148658688e+03
2.220000000000000000e+02,1.458712100000000000e+08,-6.934544155394683003e+03
2.225000000000000000e+02,1.458712120000000000e+08,-6.938654622334864143e+03
2.230000000000000000e+02,1.458712120000000000e+08,-6.938654622334864143e+03
2.240000000000000000e+02,1.458712080000000000e+08,-6.930433688454501862e+03
2.245000000000000000e+02,1.458712060000000000e+08,-6.926323221514320721e+03
2.250000000000000000e+02,1.458712060000000000e+08,-6.926323221514320721e+03
2.255000000000000000e+02,1.458712020000000000e+08,-6.918102287633959349e+03
2.260000000000000000e+02,1.458712000000000000e+08,-6.913991820693778209e+03
2.265000000000000000e+02,1.458711980000000000e+08,-6.909881353753597068e+03
2.275000000000000000e+02,1.458711980000000000e+08,-6.909881353753597068e+03
2.280000000000000000e+02,1.458711940000000000e+08,-6.901660419939802523e+03
2.285000000000000000e+02,1.458711900000000000e+08,-6.893439486059441151e+03
2.290000000000000000e+02,1.458711900000000000e+08,-6.893439486059441151e+03
2.295000000000000000e+02,1.458711880000000000e+08,-6.889329019119260010e+03
2.300000000000000000e+02,1.458711860000000000e+08,-6.885218552179078870e+03
2.305000000000000000e+02,1.458711840000000000e+08,-6.881108085238897729e+03
2.310000000000000000e+02,1.458711880000000000e+08,-6.889329019119260010e+03
2.315000000000000000e+02,1.458711820000000000e+08,-6.876997618298716588e+03
2.320000000000000000e+02,1.458711780000000000e+08,-6.868776684484922043e+03
2.325000000000000000e+02,1.458711760000000000e+08,-6.864666217544740903e+03
2.330000000000000000e+02,1.458711780000000000e+08,-6.868776684484922043e+03
2.335000000000000000e+02,1.458711740000000000e+08,-6.860555750604560671e+03
2.340000000000000000e+02,1.458711720000000000e+08,-6.856445283664379531e+03
2.345000000000000000e+02,1.458711700000000000e+08,-6.852334816724198390e+03
2.350000000000000000e+02,1.458711680000000000e+08,-6.848224349784017249e+03
2.355000000000000000e+02,1.458711660000000000e+08,-6.844113882843837018e+03
2.360000000000000000e+02,1.458711660000000000e+08,-6.844113882843837018e+03
2.365000000000000000e+02,1.458711620000000000e+08,-6.835892949030041564e+03
2.370000000000000000e+02,1.458711600000000000e+08,-6.831782482089861332e+03
2.380000000000000000e+02,1.458711560000000000e+08,-6.823561548209499051e+03
2.385000000000000000e+02,1.458711540000000000e+08,-6.819451081269317910e+03
2.390000000000000000e+02,1.458711540000000000e+08,-6.819451081269317910e+03
2.395000000000000000e+02,1.458711520000000000e+08,-6.815340614329136770e+03
2.400000000000000000e+02,1.458711500000000000e+08,-6.811230147388956539e+03
2.405000000000000000e+02,1.458711460000000000e+08,-6.803009213508594257e+03
2.410000000000000000e+02,1.458711460000000000e+08,-6.803009213508594257e+03
2.415000000000000000e+02,1.458711420000000000e+08,-6.794788279694799712e+03
2.430000000000000000e+02,1.458711360000000000e+08,-6.782456878874257200e+03
2.435000000000000000e+02,1.458711340000000000e+08,-6.778346411934076059e+03
2.440000000000000000e+02,1.458711340000000000e+08,-6.778346411934076059e+03
2.445000000000000000e+02,1.458711300000000000e+08,-6.770125478053713778e+03
2.450000000000000000e+02,1.458711300000000000e+08,-6.770125478053713778e+03
2.455000000000000000e+02,1.458711260000000000e+08,-6.761904544239919232e+03
2.460000000000000000e+02,1.458711220000000000e+08,-6.753683610359557861e+03
2.465000000000000000e+02,1.458711240000000000e+08,-6.757794077299738092e+03
2.475000000000000000e+02,1.458711140000000000e+08,-6.737241742598833298e+03
2.480000000000000000e+02,1.458711140000000000e+08,-6.737241742598833298e+03
2.485000000000000000e+02,1.458711120000000000e+08,-6.733131275658653067e+03
2.490000000000000000e+02,1.458711080000000000e+08,-6.724910341844857612e+03
2.495000000000000000e+02,1.458711080000000000e+08,-6.724910341844857612e+03
2.500000000000000000e+02,1.458711040000000000e+08,-6.716689407964496240e+03
2.505000000000000000e+02,1.458711060000000000e+08,-6.720799874904677381e+03
2.510000000000000000e+02,1.458711000000000000e+08,-6.708468474084133959e+03
2.515000000000000000e+02,1.458710980000000000e+08,-6.704358007143953728e+03
2.520000000000000000e+02,1.458710960000000000e+08,-6.700247540203772587e+03
2.530000000000000000e+02,1.458710900000000000e+08,-6.687916139449796901e+03
2.535000000000000000e+02,1.458710880000000000e+08,-6.683805672509615761e+03
2.540000000000000000e+02,1.458710840000000000e+08,-6.675584738629253479e+03
2.550000000000000000e+02,1.458710820000000000e+08,-6.671474271689073248e+03
2.560000000000000000e+02,1.458710760000000000e+08,-6.659142870935097562e+03
2.565000000000000000e+02,1.458710700000000000e+08,-6.646811470114554140e+03
2.570000000000000000e+02,1.458710700000000000e+08,-6.646811470114554140e+03
2.580000000000000000e+02,1.458710660000000000e+08,-6.638590536234192768e+03
2.585000000000000000e+02,1.458710600000000000e+08,-6.626259135480217083e+03
2.590000000000000000e+02,1.458710600000000000e+08,-6.626259135480217083e+03
2.595000000000000000e+02,1.458710580000000000e+08,-6.622148668540035942e+03
2.600000000000000000e+02,1.458710540000000000e+08,-6.613927734659674570e+03
2.605000000000000000e+02,1.458710520000000000e+08,-6.609817267719493429e+03
2.610000000000000000e+02,1.458710500000000000e+08,-6.605706800779312289e+03
2.615000000000000000e+02,1.458710460000000000e+08,-6.597485866898950007e+03
2.620000000000000000e+02,1.458710420000000000e+08,-6.589264933085155462e+03
2.625000000000000000e+02,1.458710400000000000e+08,-6.585154466144974322e+03
2.635000000000000000e+02,1.458710340000000000e+08,-6.572823065324431809e+03
2.640000000000000000e+02,1.458710340000000000e+08,-6.572823065324431809e+03
2.645000000000000000e+02,1.458710280000000000e+08,-6.560491664503889297e+03
2.650000000000000000e+02,1.458710260000000000e+08,-6.556381197630274983e+03
2.655000000000000000e+02,1.458710220000000000e+08,-6.548160263749913611e+03
2.660000000000000000e+02,1.458710220000000000e+08,-6.548160263749913611e+03
2.670000000000000000e+02,1.458710140000000000e+08,-6.531718395989189958e+03
2.675000000000000000e+02,1.458710120000000000e+08,-6.527607929049008817e+03
2.685000000000000000e+02,1.458710040000000000e+08,-6.511166061354851990e+03
2.690000000000000000e+02,1.458710040000000000e+08,-6.511166061354851990e+03
2.695000000000000000e+02,1.458710020000000000e+08,-6.507055594414670850e+03
2.700000000000000000e+02,1.458709960000000000e+08,-6.494724193594128337e+03
2.705000000000000000e+02,1.458709900000000000e+08,-6.482392792840152651e+03
2.710000000000000000e+02,1.458709900000000000e+08,-6.482392792840152651e+03
2.715000000000000000e+02,1.458709860000000000e+08,-6.474171858959791280e+03
2.720000000000000000e+02,1.458709820000000000e+08,-6.465950925079428998e+03
2.725000000000000000e+02,1.458709780000000000e+08,-6.457729991199066717e+03
2.730000000000000000e+02,1.458709760000000000e+08,-6.453619524258886486e+03
2.735000000000000000e+02,1.458709720000000000e+08,-6.445398590445091031e+03
2.740000000000000000e+02,1.458709680000000000e+08,-6.437177656564729659e+03
2.745000000000000000e+02,1.458709660000000000e+08,-6.433067189624548519e+03
2.750000000000000000e+02,1.458709600000000000e+08,-6.420735788804006006e+03
2.755000000000000000e+02,1.458709580000000000e+08,-6.416625321930391692e+03
2.765000000000000000e+02,1.458709480000000000e+08,-6.396072987229486898e+03
2.770000000000000000e+02,1.458709460000000000e+08,-6.391962520289306667e+03
2.775000000000000000e+02,1.458709440000000000e+08,-6.387852053349125526e+03
2.780000000000000000e+02,1.458709380000000000e+08,-6.375520652595149841e+03
2.785000000000000000e+02,1.458709380000000000e+08,-6.375520652595149841e+03
2.790000000000000000e+02,1.458709480000000000e+08,-6.396072987229486898e+03
2.795000000000000000e+02,1.458709300000000000e+08,-6.359078784834426187e+03
2.800000000000000000e+02,1.458709260000000000e+08,-6.350857850954063906e+03
2.805000000000000000e+02,1.458709220000000000e+08,-6.342636917140269361e+03
2.810000000000000000e+02,1.458709180000000000e+08,-6.334415983259907989e+03
2.815000000000000000e+02,1.458709140000000000e+08,-6.326195049379545708e+03
2.825000000000000000e+02,1.458709060000000000e+08,-6.309753181685388881e+03
2.840000000000000000e+02,1.458708920000000000e+08,-6.280979913104122716e+03
2.845000000000000000e+02,1.458708900000000000e+08,-6.276869446230508402e+03
2.855000000000000000e+02,1.458708800000000000e+08,-6.256317111529603608e+03
2.905000000000000000e+02,1.458708420000000000e+08,-6.178218239799300136e+03
2.910000000000000000e+02,1.458708380000000000e+08,-6.169997305985505591e+03
2.915000000000000000e+02,1.458708280000000000e+08,-6.149444971284600797e+03
2.920000000000000000e+02,1.458708240000000000e+08,-6.141224037404239425e+03
2.930000000000000000e+02,1.458708180000000000e+08,-6.128892636650263739e+03
2.945000000000000000e+02,1.458708020000000000e+08,-6.096008901195383260e+03
2.960000000000000000e+02,1.458707840000000000e+08,-6.059014698800321639e+03
2.965000000000000000e+02,1.458707800000000000e+08,-6.050793764919960267e+03
2.970000000000000000e+02,1.458707740000000000e+08,-6.038462364099416845e+03
2.975000000000000000e+02,1.458707700000000000e+08,-6.030241430285622300e+03
2.980000000000000000e+02,1.458707640000000000e+08,-6.017910029465079788e+03
2.995000000000000000e+02,1.458707520000000000e+08,-5.993247227890561589e+03
3.000000000000000000e+02,1.458707460000000000e+08,-5.980915827070018167e+03
3.005000000000000000e+02,1.458707380000000000e+08,-5.964473959309294514e+03
3.010000000000000000e+02,1.458707340000000000e+08,-5.956253025495499969e+03
3.015000000000000000e+02,1.458707280000000000e+08,-5.943921624674957457e+03
3.020000000000000000e+02,1.458707220000000000e+08,-5.931590223854414035e+03
3.025000000000000000e+02,1.458707140000000000e+08,-5.915148356160258118e+03
3.030000000000000000e+02,1.458707120000000000e+08,-5.911037889220076977e+03
3.045000000000000000e+02,1.458706940000000000e+08,-5.874043686825015357e+03
3.050000000000000000e+02,1.458706880000000000e+08,-5.861712286004472844e+03
3.055000000000000000e+02,1.458706800000000000e+08,-5.845270418310316018e+03
3.060000000000000000e+02,1.458706760000000000e+08,-5.837049484429953736e+03
3.070000000000000000e+02,1.458706660000000000e+08,-5.816497149795616679e+03
3.075000000000000000e+02,1.458706640000000000e+08,-5.812386682855435538e+03
3.080000000000000000e+02,1.458706540000000000e+08,-5.791834348154530744e+03
3.085000000000000000e+02,1.458706460000000000e+08,-5.775392480460374827e+03
3.090000000000000000e+02,1.458706400000000000e+08,-5.763061079639831405e+03
3.095000000000000000e+02,1.458706340000000000e+08,-5.750729678885855719e+03
3.100000000000000000e+02,1.458706260000000000e+08,-5.734287811125132066e+03
3.105000000000000000e+02,1.458706180000000000e+08,-5.717845943430975240e+03
3.110000000000000000e+02,1.458706120000000000e+08,-5.705514542610432727e+03
3.115000000000000000e+02,1.458706080000000000e+08,-5.697293608730070446e+03
3.120000000000000000e+02,1.458706000000000000e+08,-5.680851741035914529e+03
3.125000000000000000e+02,1.458705940000000000e+08,-5.668520340215371107e+03
3.135000000000000000e+02,1.458705800000000000e+08,-5.639747071700671768e+03
3.145000000000000000e+02,1.458705640000000000e+08,-5.606863336245791288e+03
3.150000000000000000e+02,1.458705520000000000e+08,-5.582200534604706263e+03
3.155000000000000000e+02,1.458705520000000000e+08,-5.582200534604706263e+03
3.160000000000000000e+02,1.458705420000000000e+08,-5.561648199970368296e+03
3.165000000000000000e+02,1.458705380000000000e+08,-5.553427266090006924e+03
3.170000000000000000e+02,1.458705300000000000e+08,-5.536985398395850098e+03
3.175000000000000000e+02,1.458705220000000000e+08,-5.520543530635126444e+03
3.180000000000000000e+02,1.458705160000000000e+08,-5.508212129814583022e+03
3.185000000000000000e+02,1.458705080000000000e+08,-5.491770262120427105e+03
3.190000000000000000e+02,1.458704960000000000e+08,-5.467107460545907998e+03
3.200000000000000000e+02,1.458704860000000000e+08,-5.446555125845003204e+03
3.205000000000000000e+02,1.458704760000000000e+08,-5.426002791210666146e+03
3.210000000000000000e+02,1.458704680000000000e+08,-5.409560923449942493e+03
3.215000000000000000e+02,1.458704600000000000e+08,-5.393119055755785666e+03
3.220000000000000000e+02,1.458704500000000000e+08,-5.372566721054880873e+03
3.225000000000000000e+02,1.458704440000000000e+08,-5.360235320300905187e+03
3.230000000000000000e+02,1.458704360000000000e+08,-5.343793452540181534e+03
3.235000000000000000e+02,1.458704260000000000e+08,-5.323241117905844476e+03
3.245000000000000000e+02,1.458704080000000000e+08,-5.286246915510782856e+03
3.250000000000000000e+02,1.458704000000000000e+08,-5.269805047750059202e+03
3.255000000000000000e+02,1.458703900000000000e+08,-5.249252713115721235e+03
3.260000000000000000e+02,1.458703820000000000e+08,-5.232810845354997582e+03
3.265000000000000000e+02,1.458703720000000000e+08,-5.212258510720660524e+03
3.270000000000000000e+02,1.458703620000000000e+08,-5.191706176086322557e+03
3.275000000000000000e+02,1.458703560000000000e+08,-5.179374775265780045e+03
3.280000000000000000e+02,1.458703460000000000e+08,-5.158822440564875251e+03
3.285000000000000000e+02,1.458703380000000000e+08,-5.142380572870718424e+03
3.290000000000000000e+02,1.458703260000000000e+08,-5.117717771296200226e+03
3.295000000000000000e+02,1.458703180000000000e+08,-5.101275903535476573e+03
3.300000000000000000e+02,1.458703100000000000e+08,-5.084834035841319746e+03
3.305000000000000000e+02,1.458702980000000000e+08,-5.060171234200233812e+03
3.310000000000000000e+02,1.458702880000000000e+08,-5.039618899565896754e+03
3.315000000000000000e+02,1.458702780000000000e+08,-5.019066564864991960e+03
3.320000000000000000e+02,1.458702660000000000e+08,-4.994403763290473762e+03
3.325000000000000000e+02,1.458702560000000000e+08,-4.973851428656135795e+03
3.335000000000000000e+02,1.458702380000000000e+08,-4.936857226261074175e+03
3.345000000000000000e+02,1.458702180000000000e+08,-4.895752556925832323e+03
3.350000000000000000e+02,1.458702080000000000e+08,-4.875200222291495265e+03
3.355000000000000000e+02,1.458701980000000000e+08,-4.854647887590590472e+03
3.360000000000000000e+02,1.458701840000000000e+08,-4.825874619075891133e+03
3.365000000000000000e+02,1.458701760000000000e+08,-4.809432751315166570e+03
3.370000000000000000e+02,1.458701640000000000e+08,-4.784769949740648372e+03
3.385000000000000000e+02,1.458701360000000000e+08,-4.727223412711249694e+03
3.395000000000000000e+02,1.458701060000000000e+08,-4.665566408741669875e+03
3.405000000000000000e+02,1.458700860000000000e+08,-4.624461739406428023e+03
3.410000000000000000e+02,1.458700740000000000e+08,-4.599798937765342089e+03
3.415000000000000000e+02,1.458700640000000000e+08,-4.579246603131004122e+03
3.420000000000000000e+02,1.458700520000000000e+08,-4.554583801556485923e+03
3.430000000000000000e+02,1.458700260000000000e+08,-4.501147731400700650e+03
3.435000000000000000e+02,1.458700180000000000e+08,-4.484705863706544733e+03
3.440000000000000000e+02,1.458700100000000000e+08,-4.468263995945820170e+03
3.445000000000000000e+02,1.458699940000000000e+08,-4.435380260490940600e+03
3.450000000000000000e+02,1.458699800000000000e+08,-4.406606991976241261e+03
3.455000000000000000e+02,1.458699660000000000e+08,-4.377833723461541013e+03
3.460000000000000000e+02,1.458699540000000000e+08,-4.353170921887022814e+03
3.465000000000000000e+02,1.458699400000000000e+08,-4.324397653305756648e+03
3.470000000000000000e+02,1.458699300000000000e+08,-4.303845318671418681e+03
3.480000000000000000e+02,1.458699000000000000e+08,-4.242188314701838863e+03
3.485000000000000000e+02,1.458698860000000000e+08,-4.213415046187139524e+03
3.490000000000000000e+02,1.458698760000000000e+08,-4.192862711486234730e+03
3.495000000000000000e+02,1.458698640000000000e+08,-4.168199909911716531e+03
3.500000000000000000e+02,1.458698460000000000e+08,-4.131205707516654911e+03
3.505000000000000000e+02,1.458698280000000000e+08,-4.094211505121593746e+03
3.510000000000000000e+02,1.458698200000000000e+08,-4.077769637360870092e+03
3.515000000000000000e+02,1.458698020000000000e+08,-4.040775434965808927e+03
3.520000000000000000e+02,1.458697920000000000e+08,-4.020223100331471414e+03
3.525000000000000000e+02,1.458697760000000000e+08,-3.987339364876590935e+03
3.530000000000000000e+02,1.458697600000000000e+08,-3.954455629421710455e+03
3.535000000000000000e+02,1.458697460000000000e+08,-3.925682360907011116e+03
3.540000000000000000e+02,1.458697320000000000e+08,-3.896909092392311777e+03
3.545000000000000000e+02,1.458697160000000000e+08,-3.864025356870864016e+03
3.550000000000000000e+02,1.458697020000000000e+08,-3.835252088356164677e+03
3.555000000000000000e+02,1.458696860000000000e+08,-3.802368352901284652e+03
3.560000000000000000e+02,1.458696720000000000e+08,-3.773595084386584858e+03
3.565000000000000000e+02,1.458696560000000000e+08,-3.740711348931704833e+03
3.570000000000000000e+02,1.458696400000000000e+08,-3.707827613476824354e+03
3.575000000000000000e+02,1.458696240000000000e+08,-3.674943878021943874e+03
3.580000000000000000e+02,1.458696100000000000e+08,-3.646170609507244535e+03
3.585000000000000000e+02,1.458695920000000000e+08,-3.609176407112183369e+03
3.590000000000000000e+02,1.458695740000000000e+08,-3.572182204717122204e+03
3.595000000000000000e+02,1.458695600000000000e+08,-3.543408936202422410e+03
3.600000000000000000e+02,1.458695440000000000e+08,-3.510525200747542385e+03
3.605000000000000000e+02,1.458695260000000000e+08,-3.473530998352480765e+03
3.610000000000000000e+02,1.458695120000000000e+08,-3.444757729771214144e+03
3.615000000000000000e+02,1.458694940000000000e+08,-3.407763527442720260e+03
3.620000000000000000e+02,1.458694760000000000e+08,-3.370769325047659095e+03
3.625000000000000000e+02,1.458694580000000000e+08,-3.333775122652597474e+03
3.630000000000000000e+02,1.458694440000000000e+08,-3.305001854071330854e+03
3.635000000000000000e+02,1.458694260000000000e+08,-3.268007651742836970e+03
3.640000000000000000e+02,1.458694060000000000e+08,-3.226902982407594664e+03
3.645000000000000000e+02,1.458693900000000000e+08,-3.194019246952714184e+03
3.650000000000000000e+02,1.458693760000000000e+08,-3.165245978371447563e+03
3.655000000000000000e+02,1.458693580000000000e+08,-3.128251776042953679e+03
3.660000000000000000e+02,1.458693380000000000e+08,-3.087147106707711373e+03
3.665000000000000000e+02,1.458693220000000000e+08,-3.054263371252830893e+03
3.670000000000000000e+02,1.458693020000000000e+08,-3.013158701917589042e+03
3.675000000000000000e+02,1.458692840000000000e+08,-2.976164499522527422e+03
3.680000000000000000e+02,1.458692620000000000e+08,-2.930949363247104429e+03
3.685000000000000000e+02,1.458692480000000000e+08,-2.902176094732405090e+03
3.690000000000000000e+02,1.458692280000000000e+08,-2.861071425397162784e+03
3.695000000000000000e+02,1.458692100000000000e+08,-2.824077223002101164e+03
3.700000000000000000e+02,1.458691900000000000e+08,-2.782972553666859312e+03
3.705000000000000000e+02,1.458691720000000000e+08,-2.745978351271797692e+03
3.710000000000000000e+02,1.458691500000000000e+08,-2.700763215062941981e+03
3.715000000000000000e+02,1.458691340000000000e+08,-2.667879479608061501e+03
3.720000000000000000e+02,1.458691120000000000e+08,-2.622664343332638509e+03
3.725000000000000000e+02,1.458690940000000000e+08,-2.585670140937576889e+03
3.730000000000000000e+02,1.458690700000000000e+08,-2.536344537721972756e+03
3.735000000000000000e+02,1.458690520000000000e+08,-2.499350335393478872e+03
3.740000000000000000e+02,1.458690340000000000e+08,-2.462356132998417706e+03
3.745000000000000000e+02,1.458690120000000000e+08,-2.417140996722994259e+03
3.750000000000000000e+02,1.458689900000000000e+08,-2.371925860447571267e+03
3.755000000000000000e+02,1.458689720000000000e+08,-2.334931658052509647e+03
3.760000000000000000e+02,1.458689500000000000e+08,-2.289716521777086655e+03
3.765000000000000000e+02,1.458689300000000000e+08,-2.248611852508411630e+03
3.770000000000000000e+02,1.458689100000000000e+08,-2.207507183173169324e+03
3.775000000000000000e+02,1.458688880000000000e+08,-2.162292046897746332e+03
3.780000000000000000e+02,1.458688680000000000e+08,-2.121187377562504025e+03
3.785000000000000000e+02,1.458688460000000000e+08,-2.075972241353647860e+03
3.790000000000000000e+02,1.458688260000000000e+08,-2.034867572018405781e+03
3.795000000000000000e+02,1.458688020000000000e+08,-1.985541968802801648e+03
3.800000000000000000e+02,1.458687820000000000e+08,-1.944437299467559342e+03
3.805000000000000000e+02,1.458687600000000000e+08,-1.899222163258703404e+03
3.810000000000000000e+02,1.458687380000000000e+08,-1.854007026983280184e+03
3.815000000000000000e+02,1.458687200000000000e+08,-1.817012824588219019e+03
3.820000000000000000e+02,1.458686940000000000e+08,-1.763576754499001026e+03
3.825000000000000000e+02,1.458686740000000000e+08,-1.722472085163758720e+03
3.830000000000000000e+02,1.458686520000000000e+08,-1.677256948888335501e+03
3.835000000000000000e+02,1.458686300000000000e+08,-1.632041812612912508e+03
3.840000000000000000e+02,1.458686080000000000e+08,-1.586826676404056570e+03
3.845000000000000000e+02,1.458685840000000000e+08,-1.537501073188452210e+03
3.850000000000000000e+02,1.458685640000000000e+08,-1.496396403853210131e+03
3.855000000000000000e+02,1.458685400000000000e+08,-1.447070800704173280e+03
3.860000000000000000e+02,1.458685220000000000e+08,-1.410076598309111887e+03
3.865000000000000000e+02,1.458684980000000000e+08,-1.360750995093507754e+03
3.870000000000000000e+02,1.458684780000000000e+08,-1.319646325758265448e+03
3.875000000000000000e+02,1.458684500000000000e+08,-1.262099788728866770e+03
3.880000000000000000e+02,1.458684300000000000e+08,-1.220995119393624464e+03
3.885000000000000000e+02,1.458684020000000000e+08,-1.163448582364225558e+03
3.890000000000000000e+02,1.458683840000000000e+08,-1.126454379969164393e+03
3.895000000000000000e+02,1.458683580000000000e+08,-1.073018309813379119e+03
3.900000000000000000e+02,1.458683380000000000e+08,-1.031913640478137040e+03
3.905000000000000000e+02,1.458683120000000000e+08,-9.784775703889191618e+02
3.910000000000000000e+02,1.458682920000000000e+08,-9.373729010536768556e+02
3.915000000000000000e+02,1.458682640000000000e+08,-8.798263640242780639e+02
3.920000000000000000e+02,1.458682440000000000e+08,-8.387216946890358713e+02
3.925000000000000000e+02,1.458682180000000000e+08,-7.852856245332507115e+02
3.930000000000000000e+02,1.458681960000000000e+08,-7.400704883243947734e+02
3.935000000000000000e+02,1.458681720000000000e+08,-6.907448851087906405e+02
3.940000000000000000e+02,1.458681460000000000e+08,-6.373088150195727621e+02
3.945000000000000000e+02,1.458681280000000000e+08,-6.003146126245114829e+02
3.950000000000000000e+02,1.458681000000000000e+08,-5.427680755285454097e+02
3.955000000000000000e+02,1.458680760000000000e+08,-4.934424723795085583e+02
3.960000000000000000e+02,1.458680540000000000e+08,-4.482273361040853388e+02
3.965000000000000000e+02,1.458680300000000000e+08,-3.989017329550484874e+02
3.970000000000000000e+02,1.458680060000000000e+08,-3.495761297394442977e+02
3.975000000000000000e+02,1.458679820000000000e+08,-3.002505265238401648e+02
3.980000000000000000e+02,1.458679580000000000e+08,-2.509249233748032850e+02
3.985000000000000000e+02,1.458679340000000000e+08,-2.015993201591990953e+02
3.990000000000000000e+02,1.458679100000000000e+08,-1.522737170101622439e+02
3.995000000000000000e+02,1.458678880000000000e+08,-1.070585807347390244e+02
4.000000000000000000e+02,1.458678600000000000e+08,-4.951204370534023980e+01
4.005000000000000000e+02,1.458678380000000000e+08,-4.296907429917029120e+00
4.010000000000000000e+02,1.458678160000000000e+08,4.091822884550618511e+01
4.015000000000000000e+02,1.458677900000000000e+08,9.435429896800765448e+01
4.020000000000000000e+02,1.458677680000000000e+08,1.395694352101472191e+02
4.025000000000000000e+02,1.458677420000000000e+08,1.930055053326486814e+02
4.030000000000000000e+02,1.458677200000000000e+08,2.382206415747882602e+02
4.035000000000000000e+02,1.458676940000000000e+08,2.916567116972897225e+02
4.040000000000000000e+02,1.458676720000000000e+08,3.368718479727129420e+02
4.045000000000000000e+02,1.458676480000000000e+08,3.861974511550334910e+02
4.050000000000000000e+02,1.458676240000000000e+08,4.355230543373539831e+02
4.055000000000000000e+02,1.458676040000000000e+08,4.766277236725962325e+02
4.060000000000000000e+02,1.458675780000000000e+08,5.300637937950976948e+02
4.065000000000000000e+02,1.458675580000000000e+08,5.711684630970563603e+02
4.070000000000000000e+02,1.458675320000000000e+08,6.246045332195577657e+02
4.075000000000000000e+02,1.458675120000000000e+08,6.657092025548000720e+02
4.080000000000000000e+02,1.458674840000000000e+08,7.232557396174825044e+02
4.085000000000000000e+02,1.458674620000000000e+08,7.684708758596220832e+02
4.090000000000000000e+02,1.458674360000000000e+08,8.219069459821234886e+02
4.095000000000000000e+02,1.458674140000000000e+08,8.671220822575467082e+02
4.100000000000000000e+02,1.458673880000000000e+08,9.205581523467645866e+02
4.105000000000000000e+02,1.458673700000000000e+08,9.575523547418258659e+02
4.110000000000000000e+02,1.458673440000000000e+08,1.010988424864327385e+03
4.115000000000000000e+02,1.458673220000000000e+08,1.056203561139750491e+03
4.120000000000000000e+02,1.458672960000000000e+08,1.109639631262252124e+03
4.125000000000000000e+02,1.458672760000000000e+08,1.150744300564210562e+03
4.130000000000000000e+02,1.458672500000000000e+08,1.204180370686712195e+03
4.135000000000000000e+02,1.458672280000000000e+08,1.249395506962135414e+03
4.140000000000000000e+02,1.458672060000000000e+08,1.294610643204274993e+03
4.145000000000000000e+02,1.458671800000000000e+08,1.348046713326776398e+03
4.150000000000000000e+02,1.458671620000000000e+08,1.385040915721837564e+03
4.155000000000000000e+02,1.458671360000000000e+08,1.438476985844339197e+03
4.160000000000000000e+02,1.458671140000000000e+08,1.483692122086478776e+03
4.165000000000000000e+02,1.458670920000000000e+08,1.528907258361901995e+03
4.170000000000000000e+02,1.458670700000000000e+08,1.574122394604041574e+03
4.175000000000000000e+02,1.458670480000000000e+08,1.619337530879464794e+03
4.180000000000000000e+02,1.458670240000000000e+08,1.668663134061785286e+03
4.185000000000000000e+02,1.458670020000000000e+08,1.713878270303924864e+03
4.190000000000000000e+02,1.458669820000000000e+08,1.754982939639166943e+03
4.195000000000000000e+02,1.458669580000000000e+08,1.804308542821487436e+03
4.200000000000000000e+02,1.458669380000000000e+08,1.845413212156729742e+03
4.205000000000000000e+02,1.458669140000000000e+08,1.894738815339050234e+03
4.210000000000000000e+02,1.458668920000000000e+08,1.939953951581189813e+03
4.215000000000000000e+02,1.458668700000000000e+08,1.985169087856613032e+03
4.220000000000000000e+02,1.458668480000000000e+08,2.030384224098752611e+03
4.225000000000000000e+02,1.458668320000000000e+08,2.063267959553632863e+03
4.230000000000000000e+02,1.458668080000000000e+08,2.112593562735953583e+03
4.235000000000000000e+02,1.458667880000000000e+08,2.153698232071195889e+03
4.240000000000000000e+02,1.458667680000000000e+08,2.194802901406438195e+03
4.245000000000000000e+02,1.458667460000000000e+08,2.240018037648577774e+03
4.250000000000000000e+02,1.458667240000000000e+08,2.285233173890717353e+03
4.255000000000000000e+02,1.458667020000000000e+08,2.330448310166140345e+03
4.260000000000000000e+02,1.458666860000000000e+08,2.363332045621020825e+03
4.265000000000000000e+02,1.458666660000000000e+08,2.404436714956263131e+03
4.270000000000000000e+02,1.458666480000000000e+08,2.441430917351324297e+03
4.275000000000000000e+02,1.458666260000000000e+08,2.486646053593463876e+03
4.280000000000000000e+02,1.458666080000000000e+08,2.523640255988525041e+03
4.285000000000000000e+02,1.458665860000000000e+08,2.568855392230664620e+03
4.290000000000000000e+02,1.458665660000000000e+08,2.609960061565906926e+03
4.295000000000000000e+02,1.458665440000000000e+08,2.655175197808046505e+03
4.300000000000000000e+02,1.458665260000000000e+08,2.692169400203107671e+03
4.305000000000000000e+02,1.458665040000000000e+08,2.737384536478531118e+03
4.310000000000000000e+02,1.458664880000000000e+08,2.770268271933411597e+03
4.315000000000000000e+02,1.458664660000000000e+08,2.815483408175551176e+03
4.320000000000000000e+02,1.458664500000000000e+08,2.848367143630431201e+03
4.325000000000000000e+02,1.458664280000000000e+08,2.893582279905854648e+03
4.330000000000000000e+02,1.458664120000000000e+08,2.926466015360734673e+03
4.335000000000000000e+02,1.458663920000000000e+08,2.967570684662693566e+03
4.340000000000000000e+02,1.458663740000000000e+08,3.004564887057754731e+03
4.345000000000000000e+02,1.458663560000000000e+08,3.041559089452815897e+03
4.350000000000000000e+02,1.458663360000000000e+08,3.082663758788058203e+03
4.355000000000000000e+02,1.458663200000000000e+08,3.115547494242938683e+03
4.360000000000000000e+02,1.458663000000000000e+08,3.156652163578180989e+03
4.365000000000000000e+02,1.458662820000000000e+08,3.193646365973242155e+03
4.370000000000000000e+02,1.458662660000000000e+08,3.226530101428122634e+03
4.375000000000000000e+02,1.458662480000000000e+08,3.263524303823183800e+03
4.380000000000000000e+02,1.458662300000000000e+08,3.300518506184961552e+03
4.385000000000000000e+02,1.458662140000000000e+08,3.333402241673125445e+03
4.390000000000000000e+02,1.458661960000000000e+08,3.370396444034903197e+03
4.395000000000000000e+02,1.458661800000000000e+08,3.403280179523067090e+03
4.400000000000000000e+02,1.458661620000000000e+08,3.440274381884844843e+03
4.405000000000000000e+02,1.458661460000000000e+08,3.473158117373008736e+03
4.410000000000000000e+02,1.458661260000000000e+08,3.514262786674967629e+03
4.415000000000000000e+02,1.458661120000000000e+08,3.543036055222950381e+03
4.420000000000000000e+02,1.458660980000000000e+08,3.571809323737649720e+03
4.425000000000000000e+02,1.458660800000000000e+08,3.608803526132711340e+03
4.430000000000000000e+02,1.458660660000000000e+08,3.637576794647410679e+03
4.435000000000000000e+02,1.458660460000000000e+08,3.678681463982652986e+03
4.440000000000000000e+02,1.458660320000000000e+08,3.707454732497352325e+03
4.445000000000000000e+02,1.458660120000000000e+08,3.748559401832594631e+03
4.450000000000000000e+02,1.458660000000000000e+08,3.773222203407112829e+03
4.460000000000000000e+02,1.458659700000000000e+08,3.834879207409976061e+03
4.465000000000000000e+02,1.458659580000000000e+08,3.859542008984494714e+03
4.470000000000000000e+02,1.458659400000000000e+08,3.896536211379555880e+03
4.475000000000000000e+02,1.458659300000000000e+08,3.917088546047177260e+03
4.480000000000000000e+02,1.458659100000000000e+08,3.958193215382419567e+03
4.485000000000000000e+02,1.458659000000000000e+08,3.978745550050040492e+03
4.490000000000000000e+02,1.458658820000000000e+08,4.015739752445101658e+03
4.495000000000000000e+02,1.458658680000000000e+08,4.044513020959800997e+03
4.500000000000000000e+02,1.458658540000000000e+08,4.073286289474500791e+03
4.505000000000000000e+02,1.458658400000000000e+08,4.102059558022483543e+03
4.510000000000000000e+02,1.458658260000000000e+08,4.130832826537182882e+03
4.515000000000000000e+02,1.458658120000000000e+08,4.159606095051882221e+03
4.520000000000000000e+02,1.458657960000000000e+08,4.192489830506762701e+03
4.525000000000000000e+02,1.458657840000000000e+08,4.217152632114564767e+03
4.530000000000000000e+02,1.458657700000000000e+08,4.245925900629264106e+03
4.535000000000000000e+02,1.458657560000000000e+08,4.274699169177247313e+03
4.540000000000000000e+02,1.458657420000000000e+08,4.303472437691946652e+03
4.545000000000000000e+02,1.458657300000000000e+08,4.328135239299748719e+03
4.550000000000000000e+02,1.458657160000000000e+08,4.356908507814448058e+03
4.555000000000000000e+02,1.458657040000000000e+08,4.381571309422250124e+03
4.560000000000000000e+02,1.458656920000000000e+08,4.406234110996768322e+03
4.565000000000000000e+02,1.458656780000000000e+08,4.435007379544751529e+03
4.570000000000000000e+02,1.458656660000000000e+08,4.459670181119269728e+03
4.575000000000000000e+02,1.458656520000000000e+08,4.488443449667252935e+03
4.580000000000000000e+02,1.458656420000000000e+08,4.508995784301590902e+03
4.585000000000000000e+02,1.458656280000000000e+08,4.537769052849574109e+03
4.590000000000000000e+02,1.458656160000000000e+08,4.562431854424092307e+03
4.595000000000000000e+02,1.458656060000000000e+08,4.582984189091713233e+03
4.600000000000000000e+02,1.458655920000000000e+08,4.611757457606412572e+03
4.605000000000000000e+02,1.458655820000000000e+08,4.632309792274033498e+03
4.610000000000000000e+02,1.458655700000000000e+08,4.656972593881835564e+03
4.615000000000000000e+02,1.458655560000000000e+08,4.685745862396534903e+03
4.620000000000000000e+02,1.458655460000000000e+08,4.706298197064156739e+03
4.625000000000000000e+02,1.458655340000000000e+08,4.730960998671958805e+03
4.630000000000000000e+02,1.458655240000000000e+08,4.751513333306295863e+03
4.635000000000000000e+02,1.458655140000000000e+08,4.772065667973916788e+03
4.640000000000000000e+02,1.458655020000000000e+08,4.796728469581718855e+03
4.645000000000000000e+02,1.458654920000000000e+08,4.817280804249340690e+03
4.650000000000000000e+02,1.458654800000000000e+08,4.841943605823858888e+03
4.655000000000000000e+02,1.458654680000000000e+08,4.866606407431660955e+03
4.660000000000000000e+02,1.458654580000000000e+08,4.887158742099281881e+03
4.665000000000000000e+02,1.458654480000000000e+08,4.907711076766902806e+03
4.670000000000000000e+02,1.458654400000000000e+08,4.924152944494343501e+03
4.675000000000000000e+02,1.458654300000000000e+08,4.944705279128680559e+03
4.680000000000000000e+02,1.458654200000000000e+08,4.965257613796301484e+03
4.685000000000000000e+02,1.458654100000000000e+08,4.985809948463923320e+03
4.690000000000000000e+02,1.458654000000000000e+08,5.006362283131544245e+03
4.695000000000000000e+02,1.458653880000000000e+08,5.031025084739346312e+03
4.700000000000000000e+02,1.458653780000000000e+08,5.051577419373683369e+03
4.705000000000000000e+02,1.458653660000000000e+08,5.076240220981485436e+03
4.710000000000000000e+02,1.458653600000000000e+08,5.088571621768744990e+03
4.715000000000000000e+02,1.458653500000000000e+08,5.109123956436365916e+03
4.720000000000000000e+02,1.458653400000000000e+08,5.129676291103986841e+03
4.725000000000000000e+02,1.458653300000000000e+08,5.150228625771608677e+03
4.730000000000000000e+02,1.458653220000000000e+08,5.166670493499048462e+03
4.735000000000000000e+02,1.458653120000000000e+08,5.187222828166669387e+03
4.740000000000000000e+02,1.458653020000000000e+08,5.207775162801007355e+03
4.745000000000000000e+02,1.458652940000000000e+08,5.224217030528447140e+03
4.750000000000000000e+02,1.458652860000000000e+08,5.240658898289170793e+03
4.755000000000000000e+02,1.458652760000000000e+08,5.261211232923508760e+03
4.760000000000000000e+02,1.458652660000000000e+08,5.281763567591129686e+03
4.765000000000000000e+02,1.458652560000000000e+08,5.302315902258750612e+03
4.770000000000000000e+02,1.458652480000000000e+08,5.318757769986191306e+03
4.775000000000000000e+02,1.458652420000000000e+08,5.331089170773449951e+03
4.780000000000000000e+02,1.458652340000000000e+08,5.347531038500890645e+03
4.785000000000000000e+02,1.458652240000000000e+08,5.368083373168511571e+03
4.790000000000000000e+02,1.458652160000000000e+08,5.384525240895951356e+03
4.795000000000000000e+02,1.458652060000000000e+08,5.405077575563573191e+03
4.800000000000000000e+02,1.458652000000000000e+08,5.417408976350831836e+03
4.805000000000000000e+02,1.458651920000000000e+08,5.433850844078272530e+03
4.810000000000000000e+02,1.458651840000000000e+08,5.450292711838996183e+03
4.815000000000000000e+02,1.458651760000000000e+08,5.466734579566435968e+03
4.820000000000000000e+02,1.458651680000000000e+08,5.483176447293876663e+03
4.825000000000000000e+02,1.458651600000000000e+08,5.499618315021316448e+03
4.830000000000000000e+02,1.458651520000000000e+08,5.516060182748757143e+03
4.835000000000000000e+02,1.458651460000000000e+08,5.528391583536015787e+03
4.840000000000000000e+02,1.458651400000000000e+08,5.540722984323275341e+03
4.845000000000000000e+02,1.458651300000000000e+08,5.561275318990896267e+03
4.850000000000000000e+02,1.458651240000000000e+08,5.573606719778155821e+03
4.855000000000000000e+02,1.458651160000000000e+08,5.590048587538879474e+03
4.860000000000000000e+02,1.458651080000000000e+08,5.606490455266319259e+03
4.865000000000000000e+02,1.458651000000000000e+08,5.622932322993759954e+03
4.870000000000000000e+02,1.458650940000000000e+08,5.635263723781018598e+03
4.875000000000000000e+02,1.458650880000000000e+08,5.647595124568278152e+03
4.880000000000000000e+02,1.458650820000000000e+08,5.659926525388820664e+03
4.885000000000000000e+02,1.458650760000000000e+08,5.672257926176080218e+03
4.890000000000000000e+02,1.458650680000000000e+08,5.688699793903520003e+03
4.895000000000000000e+02,1.458650620000000000e+08,5.701031194690779557e+03
4.900000000000000000e+02,1.458650540000000000e+08,5.717473062418220252e+03
4.905000000000000000e+02,1.458650460000000000e+08,5.733914930145660037e+03
4.910000000000000000e+02,1.458650380000000000e+08,5.750356797873099822e+03
4.915000000000000000e+02,1.458650320000000000e+08,5.762688198693643244e+03
4.920000000000000000e+02,1.458650280000000000e+08,5.770909132540721657e+03
4.925000000000000000e+02,1.458650220000000000e+08,5.783240533361264170e+03
4.930000000000000000e+02,1.458650160000000000e+08,5.795571934148523724e+03
4.935000000000000000e+02,1.458650080000000000e+08,5.812013801875963509e+03
4.940000000000000000e+02,1.458650020000000000e+08,5.824345202663223063e+03
4.945000000000000000e+02,1.458649960000000000e+08,5.836676603450481707e+03
4.950000000000000000e+02,1.458649900000000000e+08,5.849008004271025129e+03
4.955000000000000000e+02,1.458649820000000000e+08,5.865449871998464914e+03
4.960000000000000000e+02,1.458649780000000000e+08,5.873670805845543327e+03
4.965000000000000000e+02,1.458649720000000000e+08,5.886002206666085840e+03
4.970000000000000000e+02,1.458649640000000000e+08,5.902444074393526535e+03
4.975000000000000000e+02,1.458649620000000000e+08,5.906554541300423807e+03
5.070000000000000000e+02,1.458648940000000000e+08,6.046310417000307098e+03
5.075000000000000000e+02,1.458648860000000000e+08,6.062752284761030751e+03
5.080000000000000000e+02,1.458648780000000000e+08,6.079194152488470536e+03
5.085000000000000000e+02,1.458648720000000000e+08,6.091525553275730090e+03
5.090000000000000000e+02,1.458648660000000000e+08,6.103856954062989644e+03
5.095000000000000000e+02,1.458648580000000000e+08,6.120298821790429429e+03
5.100000000000000000e+02,1.458648520000000000e+08,6.132630222610971941e+03
5.105000000000000000e+02,1.458648460000000000e+08,6.144961623398231495e+03
5.110000000000000000e+02,1.458648420000000000e+08,6.153182557245309908e+03
5.115000000000000000e+02,1.458648360000000000e+08,6.165513958065852421e+03
5.120000000000000000e+02,1.458648320000000000e+08,6.173734891912930834e+03
5.125000000000000000e+02,1.458648280000000000e+08,6.181955825793293116e+03
5.130000000000000000e+02,1.458648220000000000e+08,6.194287226580551760e+03
5.135000000000000000e+02,1.458648160000000000e+08,6.206618627367811314e+03
5.140000000000000000e+02,1.458648100000000000e+08,6.218950028188353826e+03
5.145000000000000000e+02,1.458648060000000000e+08,6.227170962035432240e+03
5.150000000000000000e+02,1.458648040000000000e+08,6.231281428975613380e+03
5.155000000000000000e+02,1.458647940000000000e+08,6.251833763643234306e+03
5.160000000000000000e+02,1.458647920000000000e+08,6.255944230550131579e+03
5.165000000000000000e+02,1.458647920000000000e+08,6.255944230550131579e+03
5.170000000000000000e+02,1.458647880000000000e+08,6.264165164430493860e+03
5.175000000000000000e+02,1.458647820000000000e+08,6.276496565217753414e+03
5.180000000000000000e+02,1.458647760000000000e+08,6.288827966038295926e+03
5.185000000000000000e+02,1.458647720000000000e+08,6.297048899885374340e+03
5.190000000000000000e+02,1.458647700000000000e+08,6.301159366825555480e+03
5.195000000000000000e+02,1.458647600000000000e+08,6.321711701493176406e+03
5.200000000000000000e+02,1.458647560000000000e+08,6.329932635340254819e+03
5.210000000000000000e+02,1.458647500000000000e+08,6.342264036160797332e+03
5.215000000000000000e+02,1.458647480000000000e+08,6.346374503067694604e+03
5.220000000000000000e+02,1.458647440000000000e+08,6.354595436948056886e+03
5.225000000000000000e+02,1.458647380000000000e+08,6.366926837735315530e+03
5.230000000000000000e+02,1.458647340000000000e+08,6.375147771615677811e+03
5.235000000000000000e+02,1.458647280000000000e+08,6.387479172402936456e+03
5.240000000000000000e+02,1.458647300000000000e+08,6.383368705462756225e+03
5.245000000000000000e+02,1.458647240000000000e+08,6.395700106250014869e+03
5.250000000000000000e+02,1.458647200000000000e+08,6.403921040130377150e+03
5.260000000000000000e+02,1.458647160000000000e+08,6.412141974010738522e+03
5.265000000000000000e+02,1.458647080000000000e+08,6.428583841738179217e+03
5.270000000000000000e+02,1.458647060000000000e+08,6.432694308645076489e+03
5.275000000000000000e+02,1.458647020000000000e+08,6.440915242525438771e+03
5.280000000000000000e+02,1.458647000000000000e+08,6.445025709465619002e+03
5.285000000000000000e+02,1.458646920000000000e+08,6.461467577193059697e+03
5.290000000000000000e+02,1.458646920000000000e+08,6.461467577193059697e+03
5.295000000000000000e+02,1.458646900000000000e+08,6.465578044099956969e+03
5.310000000000000000e+02,1.458646780000000000e+08,6.490240845707759036e+03
5.320000000000000000e+02,1.458646760000000000e+08,6.494351312647940176e+03
5.330000000000000000e+02,1.458646680000000000e+08,6.510793180375379961e+03
5.335000000000000000e+02,1.458646620000000000e+08,6.523124581162639515e+03
5.350000000000000000e+02,1.458646500000000000e+08,6.547787382770441582e+03
5.390000000000000000e+02,1.458646300000000000e+08,6.588892052072399565e+03
5.430000000000000000e+02,1.458646060000000000e+08,6.638217655288003698e+03
5.460000000000000000e+02,1.458645920000000000e+08,6.666990923802703037e+03
5.465000000000000000e+02,1.458645900000000000e+08,6.671101390742884178e+03
5.470000000000000000e+02,1.458645880000000000e+08,6.675211857683065318e+03
5.475000000000000000e+02,1.458645840000000000e+08,6.683432791530143732e+03
5.485000000000000000e+02,1.458645780000000000e+08,6.695764192317403285e+03
5.515000000000000000e+02,1.458645620000000000e+08,6.728647927772282856e+03
5.520000000000000000e+02,1.458645620000000000e+08,6.728647927772282856e+03
5.525000000000000000e+02,1.458645560000000000e+08,6.740979328592826278e+03
5.545000000000000000e+02,1.458645540000000000e+08,6.745089795533007418e+03
5.555000000000000000e+02,1.458645480000000000e+08,6.757421196320266063e+03
5.570000000000000000e+02,1.458645360000000000e+08,6.782083997894784261e+03
5.575000000000000000e+02,1.458645380000000000e+08,6.777973530987886988e+03
5.595000000000000000e+02,1.458645280000000000e+08,6.798525865622224956e+03
5.605000000000000000e+02,1.458645220000000000e+08,6.810857266442767468e+03
5.620000000000000000e+02,1.458645180000000000e+08,6.819078200289845881e+03
5.625000000000000000e+02,1.458645160000000000e+08,6.823188667230027022e+03
5.630000000000000000e+02,1.458645140000000000e+08,6.827299134170208163e+03
5.635000000000000000e+02,1.458645120000000000e+08,6.831409601110389303e+03
5.640000000000000000e+02,1.458645120000000000e+08,6.831409601110389303e+03
5.645000000000000000e+02,1.458645080000000000e+08,6.839630534957466807e+03
5.650000000000000000e+02,1.458645060000000000e+08,6.843741001897647948e+03
5.655000000000000000e+02,1.458645040000000000e+08,6.847851468837829088e+03
5.660000000000000000e+02,1.458645020000000000e+08,6.851961935744726361e+03
5.665000000000000000e+02,1.458644980000000000e+08,6.860182869625088642e+03
5.670000000000000000e+02,1.458644980000000000e+08,6.860182869625088642e+03
5.675000000000000000e+02,1.458644980000000000e+08,6.860182869625088642e+03
5.680000000000000000e+02,1.458644960000000000e+08,6.864293336565268874e+03
5.685000000000000000e+02,1.458644920000000000e+08,6.872514270412347287e+03
5.690000000000000000e+02,1.458644900000000000e+08,6.876624737352528427e+03
5.695000000000000000e+02,1.458644880000000000e+08,6.880735204292709568e+03
5.700000000000000000e+02,1.458644880000000000e+08,6.880735204292709568e+03
5.705000000000000000e+02,1.458644840000000000e+08,6.888956138139787981e+03
5.710000000000000000e+02,1.458644840000000000e+08,6.888956138139787981e+03
5.715000000000000000e+02,1.458644820000000000e+08,6.893066605079968213e+03
5.720000000000000000e+02,1.458644820000000000e+08,6.893066605079968213e+03
5.725000000000000000e+02,1.458644760000000000e+08,6.905398005867227766e+03
5.730000000000000000e+02,1.458644780000000000e+08,6.901287538960330494e+03
5.735000000000000000e+02,1.458644760000000000e+08,6.905398005867227766e+03
5.740000000000000000e+02,1.458644720000000000e+08,6.913618939747590048e+03
5.745000000000000000e+02,1.458644720000000000e+08,6.913618939747590048e+03
5.750000000000000000e+02,1.458644700000000000e+08,6.917729406687770279e+03
5.755000000000000000e+02,1.458644680000000000e+08,6.921839873594667552e+03
5.760000000000000000e+02,1.458644680000000000e+08,6.921839873594667552e+03
5.765000000000000000e+02,1.458644660000000000e+08,6.925950340534848692e+03
5.770000000000000000e+02,1.458644620000000000e+08,6.934171274415210974e+03
5.775000000000000000e+02,1.458644620000000000e+08,6.934171274415210974e+03
5.780000000000000000e+02,1.458644600000000000e+08,6.938281741322108246e+03
5.785000000000000000e+02,1.458644620000000000e+08,6.934171274415210974e+03
5.790000000000000000e+02,1.458644580000000000e+08,6.942392208262289387e+03
5.795000000000000000e+02,1.458644580000000000e+08,6.942392208262289387e+03
5.800000000000000000e+02,1.458644540000000000e+08,6.950613142142650759e+03
5.805000000000000000e+02,1.458644540000000000e+08,6.950613142142650759e+03
5.810000000000000000e+02,1.458644500000000000e+08,6.958834075989729172e+03
5.815000000000000000e+02,1.458644480000000000e+08,6.962944542929910313e+03
5.820000000000000000e+02,1.458644480000000000e+08,6.962944542929910313e+03
5.825000000000000000e+02,1.458644440000000000e+08,6.971165476810272594e+03
5.830000000000000000e+02,1.458644460000000000e+08,6.967055009870091453e+03
5.835000000000000000e+02,1.458644440000000000e+08,6.971165476810272594e+03
5.840000000000000000e+02,1.458644420000000000e+08,6.975275943717169866e+03
5.845000000000000000e+02,1.458644420000000000e+08,6.975275943717169866e+03
5.850000000000000000e+02,1.458644400000000000e+08,6.979386410657350098e+03
5.855000000000000000e+02,1.458644380000000000e+08,6.983496877597531238e+03
5.860000000000000000e+02,1.458644360000000000e+08,6.987607344537712379e+03
5.865000000000000000e+02,1.458644340000000000e+08,6.991717811444609652e+03
5.870000000000000000e+02,1.458644340000000000e+08,6.991717811444609652e+03
5.875000000000000000e+02,1.458644320000000000e+08,6.995828278384790792e+03
5.880000000000000000e+02,1.458644300000000000e+08,6.999938745324971933e+03
5.885000000000000000e+02,1.458644300000000000e+08,6.999938745324971933e+03
5.890000000000000000e+02,1.458644260000000000e+08,7.008159679172049437e+03
5.895000000000000000e+02,1.458644260000000000e+08,7.008159679172049437e+03
5.900000000000000000e+02,1.458644240000000000e+08,7.012270146112230577e+03
5.905000000000000000e+02,1.458644240000000000e+08,7.012270146112230577e+03
5.910000000000000000e+02,1.458644200000000000e+08,7.020491079992592859e+03
5.915000000000000000e+02,1.458644200000000000e+08,7.020491079992592859e+03
5.920000000000000000e+02,1.458644200000000000e+08,7.020491079992592859e+03
5.925000000000000000e+02,1.458644180000000000e+08,7.024601546932773999e+03
5.930000000000000000e+02,1.458644160000000000e+08,7.028712013839671272e+03
5.935000000000000000e+02,1.458644140000000000e+08,7.032822480779851503e+03
5.940000000000000000e+02,1.458644140000000000e+08,7.032822480779851503e+03
5.945000000000000000e+02,1.458644140000000000e+08,7.032822480779851503e+03
5.950000000000000000e+02,1.458644120000000000e+08,7.036932947720032644e+03
5.955000000000000000e+02,1.458644100000000000e+08,7.041043414660213784e+03
5.960000000000000000e+02,1.458644120000000000e+08,7.036932947720032644e+03
5.965000000000000000e+02,1.458644080000000000e+08,7.045153881567111057e+03
5.970000000000000000e+02,1.458644060000000000e+08,7.049264348507292198e+03
5.975000000000000000e+02,1.458644040000000000e+08,7.053374815447473338e+03
5.980000000000000000e+02,1.458644020000000000e+08,7.057485282387653569e+03
5.985000000000000000e+02,1.458644020000000000e+08,7.057485282387653569e+03
5.990000000000000000e+02,1.458644000000000000e+08,7.061595749294550842e+03
5.995000000000000000e+02,1.458644000000000000e+08,7.061595749294550842e+03
6.000000000000000000e+02,1.458644020000000000e+08,7.057485282387653569e+03
6.005000000000000000e+02,1.458643980000000000e+08,7.065706216234731983e+03
6.010000000000000000e+02,1.458643980000000000e+08,7.065706216234731983e+03
6.015000000000000000e+02,1.458643940000000000e+08,7.073927150115094264e+03
6.020000000000000000e+02,1.458643920000000000e+08,7.078037617021991537e+03
6.025000000000000000e+02,1.458643920000000000e+08,7.078037617021991537e+03
6.030000000000000000e+02,1.458643920000000000e+08,7.078037617021991537e+03
6.035000000000000000e+02,1.458643900000000000e+08,7.082148083962172677e+03
6.040000000000000000e+02,1.458643880000000000e+08,7.086258550902352908e+03
6.045000000000000000e+02,1.458643880000000000e+08,7.086258550902352908e+03
6.050000000000000000e+02,1.458643880000000000e+08,7.086258550902352908e+03
6.055000000000000000e+02,1.458643860000000000e+08,7.090369017842534049e+03
6.060000000000000000e+02,1.458643860000000000e+08,7.090369017842534049e+03
6.065000000000000000e+02,1.458643840000000000e+08,7.094479484782715190e+03
6.070000000000000000e+02,1.458643820000000000e+08,7.098589951689612462e+03
6.075000000000000000e+02,1.458643780000000000e+08,7.106810885569974744e+03
6.080000000000000000e+02,1.458643800000000000e+08,7.102700418629793603e+03
6.085000000000000000e+02,1.458643800000000000e+08,7.102700418629793603e+03
6.090000000000000000e+02,1.458643780000000000e+08,7.106810885569974744e+03
6.095000000000000000e+02,1.458643780000000000e+08,7.106810885569974744e+03
6.100000000000000000e+02,1.458643760000000000e+08,7.110921352510155884e+03
6.105000000000000000e+02,1.458643740000000000e+08,7.115031819417053157e+03
6.110000000000000000e+02,1.458643740000000000e+08,7.115031819417053157e+03
6.115000000000000000e+02,1.458643740000000000e+08,7.115031819417053157e+03
6.120000000000000000e+02,1.458643700000000000e+08,7.123252753297414529e+03
6.125000000000000000e+02,1.458643700000000000e+08,7.123252753297414529e+03
6.130000000000000000e+02,1.458643700000000000e+08,7.123252753297414529e+03
6.135000000000000000e+02,1.458643700000000000e+08,7.123252753297414529e+03
6.140000000000000000e+02,1.458643680000000000e+08,7.127363220237595669e+03
6.145000000000000000e+02,1.458643660000000000e+08,7.131473687144492942e+03
6.150000000000000000e+02,1.458643640000000000e+08,7.135584154084674083e+03
6.155000000000000000e+02,1.458643640000000000e+08,7.135584154084674083e+03
6.160000000000000000e+02,1.458643620000000000e+08,7.139694621024855223e+03
6.165000000000000000e+02,1.458643640000000000e+08,7.135584154084674083e+03
6.170000000000000000e+02,1.458643620000000000e+08,7.139694621024855223e+03
6.175000000000000000e+02,1.458643600000000000e+08,7.143805087965035455e+03
6.180000000000000000e+02,1.458643600000000000e+08,7.143805087965035455e+03
6.185000000000000000e+02,1.458643620000000000e+08,7.139694621024855223e+03
6.190000000000000000e+02,1.458643560000000000e+08,7.152026021812113868e+03
6.195000000000000000e+02,1.458643560000000000e+08,7.152026021812113868e+03
6.200000000000000000e+02,1.458643560000000000e+08,7.152026021812113868e+03
6.205000000000000000e+02,1.458643560000000000e+08,7.152026021812113868e+03
6.210000000000000000e+02,1.458643540000000000e+08,7.156136488752295008e+03
6.215000000000000000e+02,1.458643520000000000e+08,7.160246955692476149e+03
6.220000000000000000e+02,1.458643500000000000e+08,7.164357422632657290e+03
6.225000000000000000e+02,1.458643480000000000e+08,7.168467889539554562e+03
6.230000000000000000e+02,1.458643500000000000e+08,7.164357422632657290e+03
6.235000000000000000e+02,1.458643500000000000e+08,7.164357422632657290e+03
6.240000000000000000e+02,1.458643480000000000e+08,7.168467889539554562e+03
6.245000000000000000e+02,1.458643460000000000e+08,7.172578356479734794e+03
6.250000000000000000e+02,1.458643460000000000e+08,7.172578356479734794e+03
6.255000000000000000e+02,1.458643440000000000e+08,7.176688823419915934e+03
6.260000000000000000e+02,1.458643440000000000e+08,7.176688823419915934e+03
6.265000000000000000e+02,1.458643440000000000e+08,7.176688823419915934e+03
6.270000000000000000e+02,1.458643420000000000e+08,7.180799290360097075e+03
6.275000000000000000e+02,1.458643400000000000e+08,7.184909757266994347e+03
6.280000000000000000e+02,1.458643400000000000e+08,7.184909757266994347e+03
6.285000000000000000e+02,1.458643400000000000e+08,7.184909757266994347e+03
6.290000000000000000e+02,1.458643380000000000e+08,7.189020224207175488e+03
6.295000000000000000e+02,1.458643380000000000e+08,7.189020224207175488e+03
6.300000000000000000e+02,1.458643360000000000e+08,7.193130691147356629e+03
6.305000000000000000e+02,1.458643360000000000e+08,7.193130691147356629e+03
6.310000000000000000e+02,1.458643340000000000e+08,7.197241158087536860e+03
6.315000000000000000e+02,1.458643340000000000e+08,7.197241158087536860e+03
6.320000000000000000e+02,1.458643340000000000e+08,7.197241158087536860e+03
6.325000000000000000e+02,1.458643320000000000e+08,7.201351624994434133e+03
6.330000000000000000e+02,1.458643300000000000e+08,7.205462091934615273e+03
6.335000000000000000e+02,1.458643300000000000e+08,7.205462091934615273e+03
6.340000000000000000e+02,1.458643300000000000e+08,7.205462091934615273e+03
6.345000000000000000e+02,1.458643280000000000e+08,7.209572558874796414e+03
6.350000000000000000e+02,1.458643300000000000e+08,7.205462091934615273e+03
6.355000000000000000e+02,1.458643280000000000e+08,7.209572558874796414e+03
6.360000000000000000e+02,1.458643280000000000e+08,7.209572558874796414e+03
6.365000000000000000e+02,1.458643260000000000e+08,7.213683025814977555e+03
6.370000000000000000e+02,1.458643260000000000e+08,7.213683025814977555e+03
6.375000000000000000e+02,1.458643240000000000e+08,7.217793492721874827e+03
6.380000000000000000e+02,1.458643220000000000e+08,7.221903959662055968e+03
6.385000000000000000e+02,1.458643220000000000e+08,7.221903959662055968e+03
6.390000000000000000e+02,1.458643220000000000e+08,7.221903959662055968e+03
6.395000000000000000e+02,1.458643200000000000e+08,7.226014426602237108e+03
6.400000000000000000e+02,1.458643180000000000e+08,7.230124893542417340e+03
6.405000000000000000e+02,1.458643200000000000e+08,7.226014426602237108e+03
6.410000000000000000e+02,1.458643220000000000e+08,7.221903959662055968e+03
6.415000000000000000e+02,1.458643180000000000e+08,7.230124893542417340e+03
6.420000000000000000e+02,1.458643200000000000e+08,7.226014426602237108e+03
6.425000000000000000e+02,1.458643160000000000e+08,7.234235360482598480e+03
6.430000000000000000e+02,1.458643140000000000e+08,7.238345827389495753e+03
6.435000000000000000e+02,1.458643140000000000e+08,7.238345827389495753e+03
6.440000000000000000e+02,1.458643160000000000e+08,7.234235360482598480e+03
6.445000000000000000e+02,1.458643120000000000e+08,7.242456294329676894e+03
6.450000000000000000e+02,1.458643120000000000e+08,7.242456294329676894e+03
6.455000000000000000e+02,1.458643120000000000e+08,7.242456294329676894e+03
6.460000000000000000e+02,1.458643120000000000e+08,7.242456294329676894e+03
6.465000000000000000e+02,1.458643100000000000e+08,7.246566761269858034e+03
6.470000000000000000e+02,1.458643100000000000e+08,7.246566761269858034e+03
6.475000000000000000e+02,1.458643080000000000e+08,7.250677228210039175e+03
6.480000000000000000e+02,1.458643080000000000e+08,7.250677228210039175e+03
6.485000000000000000e+02,1.458643060000000000e+08,7.254787695116936447e+03
6.490000000000000000e+02,1.458643060000000000e+08,7.254787695116936447e+03
6.495000000000000000e+02,1.458643060000000000e+08,7.254787695116936447e+03
6.500000000000000000e+02,1.458643040000000000e+08,7.258898162057116679e+03
6.505000000000000000e+02,1.458643040000000000e+08,7.258898162057116679e+03
6.510000000000000000e+02,1.458643040000000000e+08,7.258898162057116679e+03
6.515000000000000000e+02,1.458643000000000000e+08,7.267119095937478960e+03
6.520000000000000000e+02,1.458643000000000000e+08,7.267119095937478960e+03
6.525000000000000000e+02,1.458643000000000000e+08,7.267119095937478960e+03
6.530000000000000000e+02,1.458643000000000000e+08,7.267119095937478960e+03
6.535000000000000000e+02,1.458643020000000000e+08,7.263008628997297819e+03
6.540000000000000000e+02,1.458643000000000000e+08,7.267119095937478960e+03
6.545000000000000000e+02,1.458643000000000000e+08,7.267119095937478960e+03
6.550000000000000000e+02,1.458643000000000000e+08,7.267119095937478960e+03
6.555000000000000000e+02,1.458642980000000000e+08,7.271229562844376233e+03
6.560000000000000000e+02,1.458642980000000000e+08,7.271229562844376233e+03
6.565000000000000000e+02,1.458642980000000000e+08,7.271229562844376233e+03
6.570000000000000000e+02,1.458642960000000000e+08,7.275340029784557373e+03
6.575000000000000000e+02,1.458642940000000000e+08,7.279450496724738514e+03
6.580000000000000000e+02,1.458642920000000000e+08,7.283560963664918745e+03
6.585000000000000000e+02,1.458642920000000000e+08,7.283560963664918745e+03
6.590000000000000000e+02,1.458642900000000000e+08,7.287671430571816018e+03
6.595000000000000000e+02,1.458642940000000000e+08,7.279450496724738514e+03
6.600000000000000000e+02,1.458642920000000000e+08,7.283560963664918745e+03
6.605000000000000000e+02,1.458642900000000000e+08,7.287671430571816018e+03
6.610000000000000000e+02,1.458642900000000000e+08,7.287671430571816018e+03
6.615000000000000000e+02,1.458642920000000000e+08,7.283560963664918745e+03
6.620000000000000000e+02,1.458642880000000000e+08,7.291781897511997158e+03
6.625000000000000000e+02,1.458642880000000000e+08,7.291781897511997158e+03
6.630000000000000000e+02,1.458642860000000000e+08,7.295892364452178299e+03
6.635000000000000000e+02,1.458642840000000000e+08,7.300002831392359440e+03
6.640000000000000000e+02,1.458642860000000000e+08,7.295892364452178299e+03
6.645000000000000000e+02,1.458642860000000000e+08,7.295892364452178299e+03
6.650000000000000000e+02,1.458642840000000000e+08,7.300002831392359440e+03
6.655000000000000000e+02,1.458642840000000000e+08,7.300002831392359440e+03
6.660000000000000000e+02,1.458642820000000000e+08,7.304113298332540580e+03
6.665000000000000000e+02,1.458642840000000000e+08,7.300002831392359440e+03
6.670000000000000000e+02,1.458642800000000000e+08,7.308223765239437853e+03
6.675000000000000000e+02,1.458642800000000000e+08,7.308223765239437853e+03
6.680000000000000000e+02,1.458642800000000000e+08,7.308223765239437853e+03
6.685000000000000000e+02,1.458642780000000000e+08,7.312334232179618084e+03
6.690000000000000000e+02,1.458642780000000000e+08,7.312334232179618084e+03
6.695000000000000000e+02,1.458642780000000000e+08,7.312334232179618084e+03
6.700000000000000000e+02,1.458642760000000000e+08,7.316444699119799225e+03
6.705000000000000000e+02,1.458642780000000000e+08,7.312334232179618084e+03
6.710000000000000000e+02,1.458642760000000000e+08,7.316444699119799225e+03
6.715000000000000000e+02,1.458642760000000000e+08,7.316444699119799225e+03
6.720000000000000000e+02,1.458642740000000000e+08,7.320555166059980365e+03
6.725000000000000000e+02,1.458642760000000000e+08,7.316444699119799225e+03
6.730000000000000000e+02,1.458642760000000000e+08,7.316444699119799225e+03
6.735000000000000000e+02,1.458642720000000000e+08,7.324665632966877638e+03
6.740000000000000000e+02,1.458642720000000000e+08,7.324665632966877638e+03
6.745000000000000000e+02,1.458642720000000000e+08,7.324665632966877638e+03
6.750000000000000000e+02,1.458642740000000000e+08,7.320555166059980365e+03
6.755000000000000000e+02,1.458642700000000000e+08,7.328776099907058779e+03
6.760000000000000000e+02,1.458642720000000000e+08,7.324665632966877638e+03
6.765000000000000000e+02,1.458642700000000000e+08,7.328776099907058779e+03
6.770000000000000000e+02,1.458642680000000000e+08,7.332886566847239919e+03
6.775000000000000000e+02,1.458642700000000000e+08,7.328776099907058779e+03
6.780000000000000000e+02,1.458642700000000000e+08,7.328776099907058779e+03
6.785000000000000000e+02,1.458642680000000000e+08,7.332886566847239919e+03
6.790000000000000000e+02,1.458642680000000000e+08,7.332886566847239919e+03
6.795000000000000000e+02,1.458642660000000000e+08,7.336997033787420150e+03
6.800000000000000000e+02,1.458642660000000000e+08,7.336997033787420150e+03
6.805000000000000000e+02,1.458642660000000000e+08,7.336997033787420150e+03
6.810000000000000000e+02,1.458642660000000000e+08,7.336997033787420150e+03
6.815000000000000000e+02,1.458642640000000000e+08,7.341107500694317423e+03
6.820000000000000000e+02,1.458642640000000000e+08,7.341107500694317423e+03
6.825000000000000000e+02,1.458642640000000000e+08,7.341107500694317423e+03
6.830000000000000000e+02,1.458642640000000000e+08,7.341107500694317423e+03
6.835000000000000000e+02,1.458642620000000000e+08,7.345217967634498564e+03
6.840000000000000000e+02,1.458642620000000000e+08,7.345217967634498564e+03
6.845000000000000000e+02,1.458642620000000000e+08,7.345217967634498564e+03
6.850000000000000000e+02,1.458642620000000000e+08,7.345217967634498564e+03
6.855000000000000000e+02,1.458642600000000000e+08,7.349328434574679704e+03
6.860000000000000000e+02,1.458642600000000000e+08,7.349328434574679704e+03
6.865000000000000000e+02,1.458642600000000000e+08,7.349328434574679704e+03
6.870000000000000000e+02,1.458642600000000000e+08,7.349328434574679704e+03
6.875000000000000000e+02,1.458642560000000000e+08,7.357549368455041986e+03
6.880000000000000000e+02,1.458642580000000000e+08,7.353438901514860845e+03
6.885000000000000000e+02,1.458642580000000000e+08,7.353438901514860845e+03
6.890000000000000000e+02,1.458642560000000000e+08,7.357549368455041986e+03
6.895000000000000000e+02,1.458642540000000000e+08,7.361659835361939258e+03
6.900000000000000000e+02,1.458642540000000000e+08,7.361659835361939258e+03
6.905000000000000000e+02,1.458642560000000000e+08,7.357549368455041986e+03
6.910000000000000000e+02,1.458642540000000000e+08,7.361659835361939258e+03
6.915000000000000000e+02,1.458642540000000000e+08,7.361659835361939258e+03
6.920000000000000000e+02,1.458642540000000000e+08,7.361659835361939258e+03
6.925000000000000000e+02,1.458642540000000000e+08,7.361659835361939258e+03
6.930000000000000000e+02,1.458642520000000000e+08,7.365770302302120399e+03
6.935000000000000000e+02,1.458642540000000000e+08,7.361659835361939258e+03
6.940000000000000000e+02,1.458642520000000000e+08,7.365770302302120399e+03
6.945000000000000000e+02,1.458642520000000000e+08,7.365770302302120399e+03
6.950000000000000000e+02,1.458642500000000000e+08,7.369880769242300630e+03
6.955000000000000000e+02,1.458642520000000000e+08,7.365770302302120399e+03
6.960000000000000000e+02,1.458642520000000000e+08,7.365770302302120399e+03
6.965000000000000000e+02,1.458642500000000000e+08,7.369880769242300630e+03
6.970000000000000000e+02,1.458642460000000000e+08,7.378101703089379043e+03
6.975000000000000000e+02,1.458642500000000000e+08,7.369880769242300630e+03
6.980000000000000000e+02,1.458642480000000000e+08,7.373991236182481771e+03
6.985000000000000000e+02,1.458642460000000000e+08,7.378101703089379043e+03
6.990000000000000000e+02,1.458642480000000000e+08,7.373991236182481771e+03
7.000000000000000000e+02,1.458642440000000000e+08,7.382212170029560184e+03
7.005000000000000000e+02,1.458642440000000000e+08,7.382212170029560184e+03
7.010000000000000000e+02,1.458642460000000000e+08,7.378101703089379043e+03
7.015000000000000000e+02,1.458642460000000000e+08,7.378101703089379043e+03
7.020000000000000000e+02,1.458642420000000000e+08,7.386322636969741325e+03
7.025000000000000000e+02,1.458642460000000000e+08,7.378101703089379043e+03
7.030000000000000000e+02,1.458642420000000000e+08,7.386322636969741325e+03
7.035000000000000000e+02,1.458642420000000000e+08,7.386322636969741325e+03
7.040000000000000000e+02,1.458642420000000000e+08,7.386322636969741325e+03
7.045000000000000000e+02,1.458642400000000000e+08,7.390433103909922465e+03
7.055000000000000000e+02,1.458642400000000000e+08,7.390433103909922465e+03
7.060000000000000000e+02,1.458642400000000000e+08,7.390433103909922465e+03
7.065000000000000000e+02,1.458642400000000000e+08,7.390433103909922465e+03
7.070000000000000000e+02,1.458642400000000000e+08,7.390433103909922465e+03
7.075000000000000000e+02,1.458642380000000000e+08,7.394543570816819738e+03
7.080000000000000000e+02,1.458642400000000000e+08,7.390433103909922465e+03
7.085000000000000000e+02,1.458642360000000000e+08,7.398654037756999969e+03
7.090000000000000000e+02,1.458642380000000000e+08,7.394543570816819738e+03
7.105000000000000000e+02,1.458642380000000000e+08,7.394543570816819738e+03
7.110000000000000000e+02,1.458642380000000000e+08,7.394543570816819738e+03
7.115000000000000000e+02,1.458642340000000000e+08,7.402764504697181110e+03
7.120000000000000000e+02,1.458642340000000000e+08,7.402764504697181110e+03
7.125000000000000000e+02,1.458642340000000000e+08,7.402764504697181110e+03
7.130000000000000000e+02,1.458642340000000000e+08,7.402764504697181110e+03
7.135000000000000000e+02,1.458642320000000000e+08,7.406874971637362250e+03
7.140000000000000000e+02,1.458642340000000000e+08,7.402764504697181110e+03
7.145000000000000000e+02,1.458642340000000000e+08,7.402764504697181110e+03
7.150000000000000000e+02,1.458642320000000000e+08,7.406874971637362250e+03
7.155000000000000000e+02,1.458642320000000000e+08,7.406874971637362250e+03
7.160000000000000000e+02,1.458642320000000000e+08,7.406874971637362250e+03
7.165000000000000000e+02,1.458642280000000000e+08,7.415095905484440664e+03
7.170000000000000000e+02,1.458642340000000000e+08,7.402764504697181110e+03
7.175000000000000000e+02,1.458642320000000000e+08,7.406874971637362250e+03
7.180000000000000000e+02,1.458642320000000000e+08,7.406874971637362250e+03
7.185000000000000000e+02,1.458642300000000000e+08,7.410985438544259523e+03
7.195000000000000000e+02,1.458642280000000000e+08,7.415095905484440664e+03
7.200000000000000000e+02,1.458642260000000000e+08,7.419206372424621804e+03
7.205000000000000000e+02,1.458642280000000000e+08,7.415095905484440664e+03
7.210000000000000000e+02,1.458642300000000000e+08,7.410985438544259523e+03
7.215000000000000000e+02,1.458642260000000000e+08,7.419206372424621804e+03
7.225000000000000000e+02,1.458642260000000000e+08,7.419206372424621804e+03
7.230000000000000000e+02,1.458642260000000000e+08,7.419206372424621804e+03
7.235000000000000000e+02,1.458642260000000000e+08,7.419206372424621804e+03
7.240000000000000000e+02,1.458642260000000000e+08,7.419206372424621804e+03
7.245000000000000000e+02,1.458642260000000000e+08,7.419206372424621804e+03
7.250000000000000000e+02,1.458642240000000000e+08,7.423316839364802036e+03
7.260000000000000000e+02,1.458642220000000000e+08,7.427427306304983176e+03
7.265000000000000000e+02,1.458642220000000000e+08,7.427427306304983176e+03
7.270000000000000000e+02,1.458642200000000000e+08,7.431537773211880449e+03
7.275000000000000000e+02,1.458642240000000000e+08,7.423316839364802036e+03
7.280000000000000000e+02,1.458642220000000000e+08,7.427427306304983176e+03
7.285000000000000000e+02,1.458642220000000000e+08,7.427427306304983176e+03
7.295000000000000000e+02,1.458642260000000000e+08,7.419206372424621804e+03
7.300000000000000000e+02,1.458642200000000000e+08,7.431537773211880449e+03
7.310000000000000000e+02,1.458642200000000000e+08,7.431537773211880449e+03
7.315000000000000000e+02,1.458642180000000000e+08,7.435648240152061589e+03
7.320000000000000000e+02,1.458642180000000000e+08,7.435648240152061589e+03
7.325000000000000000e+02,1.458642220000000000e+08,7.427427306304983176e+03
7.330000000000000000e+02,1.458642160000000000e+08,7.439758707092242730e+03
7.335000000000000000e+02,1.458642180000000000e+08,7.435648240152061589e+03
7.340000000000000000e+02,1.458642180000000000e+08,7.435648240152061589e+03
7.350000000000000000e+02,1.458642180000000000e+08,7.435648240152061589e+03
7.380000000000000000e+02,1.458642120000000000e+08,7.447979640939321143e+03
7.390000000000000000e+02,1.458642120000000000e+08,7.447979640939321143e+03
7.395000000000000000e+02,1.458642160000000000e+08,7.439758707092242730e+03
7.400000000000000000e+02,1.458642140000000000e+08,7.443869174032423871e+03
7.410000000000000000e+02,1.458642120000000000e+08,7.447979640939321143e+03
7.415000000000000000e+02,1.458642120000000000e+08,7.447979640939321143e+03
7.420000000000000000e+02,1.458642120000000000e+08,7.447979640939321143e+03
7.425000000000000000e+02,1.458642100000000000e+08,7.452090107879501375e+03
7.430000000000000000e+02,1.458642120000000000e+08,7.447979640939321143e+03
7.435000000000000000e+02,1.458642100000000000e+08,7.452090107879501375e+03
7.460000000000000000e+02,1.458642060000000000e+08,7.460311041759863656e+03
7.465000000000000000e+02,1.458642100000000000e+08,7.452090107879501375e+03
7.470000000000000000e+02,1.458642060000000000e+08,7.460311041759863656e+03
7.475000000000000000e+02,1.458642100000000000e+08,7.452090107879501375e+03
7.480000000000000000e+02,1.458642080000000000e+08,7.456200574819682515e+03
7.485000000000000000e+02,1.458642060000000000e+08,7.460311041759863656e+03
7.490000000000000000e+02,1.458642080000000000e+08,7.456200574819682515e+03
7.495000000000000000e+02,1.458642060000000000e+08,7.460311041759863656e+03
7.500000000000000000e+02,1.458642060000000000e+08,7.460311041759863656e+03
7.505000000000000000e+02,1.458642040000000000e+08,7.464421508666760928e+03
7.510000000000000000e+02,1.458642040000000000e+08,7.464421508666760928e+03
7.515000000000000000e+02,1.458642020000000000e+08,7.468531975606942069e+03
7.520000000000000000e+02,1.458642060000000000e+08,7.460311041759863656e+03
7.525000000000000000e+02,1.458642040000000000e+08,7.464421508666760928e+03
7.535000000000000000e+02,1.458642060000000000e+08,7.460311041759863656e+03
7.540000000000000000e+02,1.458642020000000000e+08,7.468531975606942069e+03
7.545000000000000000e+02,1.458642020000000000e+08,7.468531975606942069e+03
7.550000000000000000e+02,1.458642020000000000e+08,7.468531975606942069e+03
7.555000000000000000e+02,1.458642020000000000e+08,7.468531975606942069e+03
7.560000000000000000e+02,1.458642040000000000e+08,7.464421508666760928e+03
7.570000000000000000e+02,1.458642020000000000e+08,7.468531975606942069e+03
7.575000000000000000e+02,1.458641960000000000e+08,7.480863376394200714e+03
7.580000000000000000e+02,1.458641980000000000e+08,7.476752909487303441e+03
7.585000000000000000e+02,1.458642000000000000e+08,7.472642442547123210e+03
7.590000000000000000e+02,1.458642000000000000e+08,7.472642442547123210e+03
7.595000000000000000e+02,1.458642020000000000e+08,7.468531975606942069e+03
7.605000000000000000e+02,1.458642000000000000e+08,7.472642442547123210e+03
7.615000000000000000e+02,1.458641980000000000e+08,7.476752909487303441e+03
7.620000000000000000e+02,1.458642000000000000e+08,7.472642442547123210e+03
7.625000000000000000e+02,1.458641980000000000e+08,7.476752909487303441e+03
7.635000000000000000e+02,1.458641960000000000e+08,7.480863376394200714e+03
7.640000000000000000e+02,1.458641980000000000e+08,7.476752909487303441e+03
7.645000000000000000e+02,1.458641980000000000e+08,7.476752909487303441e+03
7.650000000000000000e+02,1.458641960000000000e+08,7.480863376394200714e+03
7.655000000000000000e+02,1.458641960000000000e+08,7.480863376394200714e+03
7.660000000000000000e+02,1.458641960000000000e+08,7.480863376394200714e+03
7.665000000000000000e+02,1.458641960000000000e+08,7.480863376394200714e+03
7.670000000000000000e+02,1.458641960000000000e+08,7.480863376394200714e+03
7.675000000000000000e+02,1.458641960000000000e+08,7.480863376394200714e+03
7.680000000000000000e+02,1.458641980000000000e+08,7.476752909487303441e+03
7.685000000000000000e+02,1.458641940000000000e+08,7.484973843334381854e+03
7.690000000000000000e+02,1.458641980000000000e+08,7.476752909487303441e+03
7.710000000000000000e+02,1.458642020000000000e+08,7.468531975606942069e+03
